medical record_id,patient_id,doctor_id,appointment_id,record_date,diagnosis,treatment,medicine_cost,follow_up_required
20001,1143,533,10886,8/22/2024,Back Pain,Physiotherapy,360,No
20002,1504,524,10069,9/11/2024,Flu,Medication,419,Yes
20003,1794,561,11351,8/8/2025,Back Pain,Observation,4381,Yes
20004,1847,555,10151,11/23/2024,Skin Allergy,Medication,2376,Yes
20005,1858,561,12905,12/27/2024,Heart Disease,Lifestyle Advice,2027,Yes
20006,1220,584,12625,1/8/2025,Arthritis,Medication,2932,No
20007,1839,597,10662,7/27/2024,Back Pain,Lifestyle Advice,4216,Yes
20008,1160,595,11344,9/23/2024,Hypertension,Surgery,115,No
20009,1076,540,10757,10/17/2025,Migraine,Lifestyle Advice,2627,No
20010,1611,558,12500,7/7/2025,Hypertension,Surgery,3966,No
20011,1692,572,12618,5/20/2025,Arthritis,Lifestyle Advice,4201,No
20012,1639,574,12683,7/17/2025,Diabetes,Lifestyle Advice,2445,No
20013,1032,501,11486,2/24/2025,Skin Allergy,Physiotherapy,1040,Yes
20014,1777,585,11988,11/3/2024,Skin Allergy,Physiotherapy,358,No
20015,1334,525,12410,5/16/2024,Skin Allergy,Medication,1163,No
20016,1525,596,10203,2/22/2025,Migraine,Physiotherapy,375,No
20017,1440,553,12535,7/13/2024,Flu,Surgery,2891,No
20018,1892,561,11504,4/4/2024,Asthma,Physiotherapy,2666,No
20019,1940,546,10004,5/4/2025,Hypertension,Medication,2030,Yes
20020,1993,574,11153,9/14/2024,Asthma,Observation,3682,No
20021,1352,560,12849,1/25/2024,Routine Checkup,Surgery,1431,Yes
20022,1339,551,10977,8/19/2024,Heart Disease,Observation,1656,No
20023,1926,573,10027,11/27/2024,Back Pain,Surgery,579,No
20024,1400,584,11066,8/28/2025,Heart Disease,Medication,4609,No
20025,1396,548,10965,8/8/2024,Diabetes,Physiotherapy,3146,Yes
20026,1202,584,12112,10/23/2024,Infection,Observation,3694,No
20027,1962,540,10072,7/21/2024,Hypertension,Observation,1588,No
20028,1530,507,11506,12/8/2024,Heart Disease,Physiotherapy,2924,No
20029,1909,575,11897,8/15/2025,Flu,Medication,2192,Yes
20030,1093,585,12948,7/23/2024,Asthma,Physiotherapy,929,No
20031,1792,519,12316,3/17/2024,Routine Checkup,Lifestyle Advice,4470,No
20032,1358,515,12143,7/3/2025,Back Pain,Lifestyle Advice,2034,No
20033,1396,570,10395,12/7/2025,Arthritis,Lifestyle Advice,2800,No
20034,1828,561,10869,2/11/2024,Flu,Observation,243,No
20035,1060,556,12412,3/30/2025,Routine Checkup,Observation,2904,Yes
20036,1477,510,10117,6/30/2024,Diabetes,Medication,1986,No
20037,1726,546,12212,7/13/2024,Back Pain,Surgery,2694,No
20038,1612,580,12925,8/12/2025,Back Pain,Physiotherapy,883,Yes
20039,1001,575,12838,1/22/2025,Fever,Surgery,4373,Yes
20040,1555,557,10577,9/28/2025,Diabetes,Observation,2929,No
20041,1311,535,12354,5/20/2024,Flu,Physiotherapy,2298,Yes
20042,1168,572,10772,1/27/2024,Flu,Observation,710,Yes
20043,1192,592,10200,11/10/2024,Routine Checkup,Medication,3618,Yes
20044,1034,503,11756,11/16/2024,Back Pain,Physiotherapy,640,Yes
20045,1034,566,10180,3/23/2025,Arthritis,Observation,2297,No
20046,1688,553,12406,10/19/2024,Back Pain,Lifestyle Advice,2409,No
20047,1417,578,12788,8/23/2024,Routine Checkup,Lifestyle Advice,512,Yes
20048,1708,552,12044,12/15/2025,Heart Disease,Observation,1883,Yes
20049,1998,593,11897,4/1/2025,Back Pain,Surgery,4687,No
20050,1158,553,12478,10/15/2025,Routine Checkup,Medication,1827,No
20051,1757,554,10653,8/28/2025,Migraine,Medication,1527,No
20052,1500,547,10678,10/25/2025,Infection,Observation,3610,Yes
20053,1366,503,12302,3/7/2024,Asthma,Medication,1737,No
20054,1340,565,12989,6/24/2024,Arthritis,Physiotherapy,4676,No
20055,1858,515,11689,5/24/2025,Arthritis,Medication,279,No
20056,1335,584,11603,9/6/2025,Heart Disease,Lifestyle Advice,3496,Yes
20057,1583,586,11120,3/31/2024,Hypertension,Observation,4777,Yes
20058,1327,534,12215,12/5/2025,Migraine,Physiotherapy,1742,No
20059,1114,550,10965,6/14/2024,Routine Checkup,Medication,1394,Yes
20060,1797,533,11912,8/24/2025,Back Pain,Lifestyle Advice,1682,Yes
20061,1919,573,12902,3/13/2025,Skin Allergy,Surgery,3636,No
20062,1418,503,11086,2/20/2024,Back Pain,Medication,463,No
20063,1468,502,10174,11/8/2025,Arthritis,Lifestyle Advice,2216,No
20064,1143,504,11277,11/16/2025,Infection,Lifestyle Advice,2455,No
20065,1609,516,10624,9/22/2024,Skin Allergy,Lifestyle Advice,4618,No
20066,1309,554,11239,6/4/2025,Back Pain,Lifestyle Advice,2661,No
20067,1401,533,12463,3/27/2024,Routine Checkup,Surgery,3216,No
20068,1320,509,10739,8/28/2025,Migraine,Observation,2642,No
20069,1212,557,10675,2/21/2024,Back Pain,Lifestyle Advice,4120,No
20070,1317,540,12174,6/27/2024,Fever,Observation,983,Yes
20071,1185,552,12989,10/4/2024,Routine Checkup,Surgery,1272,No
20072,1205,582,12301,8/26/2024,Infection,Surgery,1884,Yes
20073,1364,516,11974,8/7/2025,Routine Checkup,Physiotherapy,4774,No
20074,1216,508,12245,12/4/2024,Flu,Physiotherapy,4068,No
20075,1246,587,11658,3/12/2024,Fever,Lifestyle Advice,2262,No
20076,1239,560,10413,1/8/2025,Fever,Observation,2775,No
20077,1805,536,11480,8/2/2025,Fever,Surgery,4432,No
20078,1391,503,12824,5/31/2025,Back Pain,Medication,2194,Yes
20079,1520,515,11383,8/25/2024,Heart Disease,Physiotherapy,2421,No
20080,1983,597,11124,4/10/2025,Fever,Physiotherapy,212,No
20081,1590,582,10234,4/30/2024,Arthritis,Medication,891,Yes
20082,1836,523,11086,2/16/2025,Infection,Observation,1415,Yes
20083,1277,503,12244,12/23/2025,Migraine,Observation,2463,No
20084,1957,530,12590,7/23/2025,Hypertension,Observation,3333,No
20085,1202,545,11779,2/12/2024,Routine Checkup,Lifestyle Advice,150,Yes
20086,1214,517,11130,5/18/2025,Routine Checkup,Lifestyle Advice,3595,Yes
20087,1606,558,12343,7/15/2024,Fever,Medication,243,No
20088,1478,558,10645,3/12/2024,Asthma,Surgery,3787,Yes
20089,1508,596,11558,3/31/2024,Heart Disease,Medication,2675,No
20090,1976,557,12204,7/2/2025,Migraine,Surgery,4585,No
20091,1075,507,10406,5/5/2025,Asthma,Medication,2120,Yes
20092,1982,539,12944,1/17/2025,Routine Checkup,Lifestyle Advice,3830,No
20093,1669,578,12774,4/10/2025,Infection,Observation,848,No
20094,1665,558,12786,6/2/2024,Diabetes,Physiotherapy,974,No
20095,1954,556,12845,6/18/2024,Migraine,Medication,3044,No
20096,1142,515,11707,9/28/2024,Infection,Medication,4903,No
20097,1590,544,12602,4/19/2024,Heart Disease,Physiotherapy,1308,No
20098,1322,512,10375,5/30/2024,Fever,Medication,3833,No
20099,1694,508,11613,3/6/2025,Hypertension,Observation,313,Yes
20100,1461,580,10455,3/26/2025,Skin Allergy,Physiotherapy,4208,Yes
20101,1707,541,10202,10/4/2025,Heart Disease,Physiotherapy,1918,No
20102,1670,534,11756,1/23/2024,Back Pain,Observation,3594,No
20103,1146,546,11476,1/1/2025,Diabetes,Observation,585,Yes
20104,1054,588,10854,10/12/2025,Routine Checkup,Physiotherapy,3115,No
20105,1356,529,10724,8/26/2024,Skin Allergy,Observation,3823,No
20106,1277,516,11392,3/9/2025,Infection,Observation,3579,Yes
20107,1821,505,12388,12/4/2025,Routine Checkup,Observation,4314,Yes
20108,1595,505,10262,5/6/2024,Diabetes,Physiotherapy,4127,Yes
20109,1400,530,10543,6/24/2025,Asthma,Medication,3218,No
20110,1668,550,10551,9/24/2025,Diabetes,Surgery,763,No
20111,1516,505,11330,7/16/2024,Fever,Physiotherapy,1123,Yes
20112,1499,513,11870,11/16/2025,Flu,Surgery,4982,No
20113,1311,599,10638,10/17/2025,Migraine,Observation,4542,No
20114,1271,549,10165,4/26/2025,Routine Checkup,Observation,336,No
20115,1576,589,12806,6/27/2024,Diabetes,Medication,3384,Yes
20116,1449,550,10621,6/6/2025,Diabetes,Observation,3443,No
20117,1112,514,11224,10/12/2025,Flu,Surgery,2225,Yes
20118,1239,546,10051,3/12/2025,Flu,Physiotherapy,3317,Yes
20119,1144,590,10489,11/9/2024,Migraine,Physiotherapy,2055,Yes
20120,1374,582,12246,1/19/2024,Migraine,Medication,328,Yes
20121,1020,584,11047,6/8/2024,Heart Disease,Surgery,3512,No
20122,1576,534,10665,5/1/2024,Infection,Observation,2986,No
20123,1289,571,11247,3/12/2024,Hypertension,Lifestyle Advice,4359,No
20124,1593,547,11966,2/24/2024,Hypertension,Medication,4577,Yes
20125,1197,560,11245,4/4/2025,Routine Checkup,Medication,4777,No
20126,1382,574,12711,6/17/2024,Arthritis,Lifestyle Advice,2919,No
20127,1581,579,10266,9/2/2025,Flu,Physiotherapy,3089,No
20128,1698,581,10073,8/4/2025,Skin Allergy,Physiotherapy,1186,Yes
20129,1679,511,12125,5/28/2024,Skin Allergy,Physiotherapy,2093,No
20130,1717,598,12592,9/20/2025,Fever,Lifestyle Advice,4441,Yes
20131,1492,591,10881,1/26/2024,Routine Checkup,Observation,3145,No
20132,1164,585,10435,9/4/2024,Hypertension,Observation,3405,No
20133,1606,595,12029,12/21/2025,Heart Disease,Surgery,2092,No
20134,1249,550,11089,8/14/2024,Skin Allergy,Surgery,3699,No
20135,1068,504,11985,9/17/2025,Migraine,Physiotherapy,3687,Yes
20136,1855,541,10357,12/6/2025,Diabetes,Lifestyle Advice,1405,Yes
20137,1021,559,10936,4/28/2025,Diabetes,Medication,4559,Yes
20138,1831,560,10018,1/10/2024,Migraine,Observation,1019,No
20139,1512,581,12724,4/4/2024,Asthma,Lifestyle Advice,141,Yes
20140,1597,562,11590,4/30/2024,Asthma,Surgery,1382,No
20141,1390,584,12623,5/5/2024,Diabetes,Observation,3665,Yes
20142,1536,525,11793,7/2/2025,Fever,Observation,2220,Yes
20143,1111,587,12799,3/9/2024,Arthritis,Lifestyle Advice,3245,Yes
20144,1949,579,10996,10/23/2024,Heart Disease,Surgery,2782,No
20145,1863,533,11033,11/16/2025,Skin Allergy,Lifestyle Advice,4596,No
20146,1595,519,11494,5/15/2025,Infection,Medication,3250,No
20147,1870,557,12680,2/14/2024,Diabetes,Observation,3824,Yes
20148,1460,515,11626,9/26/2025,Flu,Lifestyle Advice,1933,Yes
20149,1078,541,12420,1/16/2025,Migraine,Lifestyle Advice,2617,No
20150,1434,569,11848,1/27/2024,Back Pain,Medication,3936,Yes
20151,1380,580,11539,12/5/2025,Infection,Lifestyle Advice,3962,Yes
20152,1652,560,11154,5/11/2025,Infection,Observation,228,Yes
20153,1440,596,11317,5/15/2024,Arthritis,Physiotherapy,4574,No
20154,1888,522,11720,12/7/2025,Diabetes,Physiotherapy,3286,No
20155,1783,543,11951,2/18/2024,Hypertension,Surgery,1445,Yes
20156,1339,532,12401,8/30/2025,Fever,Medication,2536,No
20157,1988,513,10224,5/21/2025,Hypertension,Surgery,2933,No
20158,1424,538,12027,4/30/2024,Heart Disease,Physiotherapy,4659,No
20159,1169,526,11548,8/4/2024,Skin Allergy,Medication,4742,Yes
20160,1709,581,12416,9/17/2025,Routine Checkup,Lifestyle Advice,4604,No
20161,1965,505,11690,6/9/2025,Diabetes,Lifestyle Advice,4813,No
20162,1262,549,11524,7/27/2025,Back Pain,Observation,4956,Yes
20163,1727,597,11114,2/12/2024,Hypertension,Physiotherapy,3323,No
20164,1579,591,12704,4/5/2024,Migraine,Lifestyle Advice,3576,No
20165,1229,505,11973,1/27/2024,Flu,Medication,2638,No
20166,1161,571,11096,8/29/2024,Infection,Lifestyle Advice,2954,Yes
20167,1427,548,10433,5/1/2025,Fever,Surgery,1535,Yes
20168,1122,518,11372,8/27/2024,Back Pain,Surgery,355,No
20169,1149,595,11287,10/30/2024,Skin Allergy,Surgery,2517,No
20170,1852,506,11295,3/7/2024,Heart Disease,Surgery,1853,No
20171,1705,566,10509,10/7/2024,Routine Checkup,Surgery,4846,No
20172,1743,577,10508,7/10/2024,Routine Checkup,Observation,3511,No
20173,1111,542,10617,4/28/2024,Fever,Surgery,175,No
20174,1657,552,10420,5/31/2024,Fever,Observation,3711,Yes
20175,1221,511,11096,1/26/2025,Asthma,Observation,604,No
20176,1904,526,10074,8/18/2024,Asthma,Lifestyle Advice,3492,No
20177,1064,521,11679,12/16/2024,Heart Disease,Medication,2092,Yes
20178,1638,566,12622,7/24/2025,Asthma,Surgery,4857,Yes
20179,1730,540,10146,6/12/2025,Routine Checkup,Medication,3478,Yes
20180,1796,556,12094,6/19/2024,Back Pain,Physiotherapy,2494,No
20181,1354,551,11765,5/11/2024,Back Pain,Observation,1516,Yes
20182,1474,520,11133,12/22/2024,Arthritis,Physiotherapy,2329,No
20183,1909,581,10121,10/9/2025,Infection,Observation,339,No
20184,1748,580,11067,2/11/2024,Infection,Surgery,1877,No
20185,1485,557,11964,10/31/2024,Skin Allergy,Physiotherapy,4360,No
20186,1013,505,12147,1/6/2024,Heart Disease,Lifestyle Advice,4258,No
20187,1934,514,10706,11/24/2024,Flu,Physiotherapy,2502,Yes
20188,1153,524,12359,6/18/2024,Back Pain,Observation,4246,No
20189,1239,568,11238,12/3/2024,Arthritis,Observation,2731,No
20190,1190,552,12471,12/27/2025,Flu,Medication,4006,Yes
20191,1663,548,11935,3/9/2024,Hypertension,Physiotherapy,3110,Yes
20192,1086,588,11883,6/22/2025,Heart Disease,Lifestyle Advice,3489,No
20193,1021,547,12320,5/21/2025,Flu,Surgery,4176,Yes
20194,1694,560,12873,4/30/2025,Infection,Medication,1314,No
20195,1319,573,11126,3/18/2025,Hypertension,Physiotherapy,769,No
20196,1158,503,10210,2/20/2024,Flu,Medication,3661,Yes
20197,1971,509,10739,5/28/2024,Hypertension,Physiotherapy,715,No
20198,1964,582,12841,8/9/2025,Fever,Surgery,4758,No
20199,1481,600,11046,4/1/2024,Skin Allergy,Surgery,1230,Yes
20200,1879,583,12808,1/2/2025,Infection,Lifestyle Advice,1621,No
20201,1076,524,10159,8/2/2025,Back Pain,Medication,4551,No
20202,1329,504,10741,10/17/2025,Fever,Lifestyle Advice,2764,Yes
20203,1416,509,11954,3/16/2024,Asthma,Physiotherapy,4962,Yes
20204,1203,597,12391,3/26/2024,Back Pain,Surgery,403,No
20205,1229,501,11424,8/14/2024,Skin Allergy,Surgery,4079,No
20206,1152,535,10699,12/28/2024,Hypertension,Observation,1994,No
20207,1775,574,11874,7/21/2025,Asthma,Observation,1615,Yes
20208,1072,512,12445,8/14/2025,Asthma,Lifestyle Advice,683,No
20209,1225,518,12584,1/24/2024,Back Pain,Medication,466,Yes
20210,1473,578,10141,1/28/2024,Hypertension,Physiotherapy,2146,No
20211,1897,510,10240,4/30/2024,Diabetes,Lifestyle Advice,558,No
20212,1643,574,10292,5/4/2025,Migraine,Surgery,219,No
20213,1360,518,12865,8/27/2025,Migraine,Surgery,3384,Yes
20214,1540,524,10082,9/15/2025,Diabetes,Surgery,3354,No
20215,1811,501,12608,12/10/2024,Heart Disease,Physiotherapy,3665,Yes
20216,1609,594,12918,1/31/2024,Skin Allergy,Lifestyle Advice,3402,Yes
20217,1046,579,12219,10/16/2025,Hypertension,Physiotherapy,4559,No
20218,1001,572,11798,8/14/2024,Infection,Surgery,2068,No
20219,1678,599,10977,9/6/2024,Back Pain,Observation,2631,No
20220,1245,582,10580,2/19/2024,Skin Allergy,Lifestyle Advice,951,No
20221,1219,516,12574,12/26/2025,Routine Checkup,Observation,2029,No
20222,1614,585,12590,1/23/2025,Routine Checkup,Lifestyle Advice,2043,No
20223,1291,515,12158,10/14/2024,Skin Allergy,Surgery,863,No
20224,1458,562,11800,12/7/2025,Diabetes,Observation,3396,Yes
20225,1204,505,11462,8/13/2025,Back Pain,Observation,2778,No
20226,1202,545,10322,4/19/2025,Heart Disease,Lifestyle Advice,3911,No
20227,1566,552,12948,8/25/2025,Back Pain,Observation,1001,No
20228,1482,571,10714,1/6/2024,Hypertension,Observation,1618,No
20229,1792,507,12132,2/15/2025,Heart Disease,Surgery,3356,Yes
20230,1511,527,12424,10/23/2025,Back Pain,Lifestyle Advice,4086,Yes
20231,1924,589,11891,11/19/2024,Hypertension,Lifestyle Advice,841,No
20232,1278,586,11280,2/2/2025,Hypertension,Medication,3653,Yes
20233,1016,513,12634,10/8/2024,Flu,Lifestyle Advice,1793,No
20234,1525,517,11679,7/9/2024,Fever,Surgery,2229,Yes
20235,1356,544,12148,8/7/2025,Fever,Observation,4111,No
20236,1356,513,12177,5/14/2025,Skin Allergy,Medication,3352,Yes
20237,1830,590,10918,8/2/2025,Heart Disease,Observation,1465,No
20238,1939,573,12267,3/9/2025,Arthritis,Lifestyle Advice,295,Yes
20239,1599,505,12525,3/3/2024,Skin Allergy,Physiotherapy,250,No
20240,1078,533,11807,3/28/2025,Arthritis,Observation,4623,Yes
20241,1928,504,12070,5/7/2025,Back Pain,Lifestyle Advice,430,No
20242,1067,592,10560,10/7/2025,Hypertension,Surgery,3210,No
20243,1859,526,10629,3/17/2025,Flu,Lifestyle Advice,3424,No
20244,1723,568,11353,11/2/2024,Infection,Medication,989,No
20245,1214,516,11912,5/5/2024,Arthritis,Physiotherapy,1054,No
20246,1697,522,11809,9/21/2024,Migraine,Physiotherapy,3789,No
20247,1449,536,12387,1/7/2024,Arthritis,Physiotherapy,4549,No
20248,1965,558,11896,2/16/2025,Arthritis,Surgery,3048,No
20249,1433,555,12227,7/24/2024,Routine Checkup,Physiotherapy,3341,Yes
20250,1545,535,12469,6/27/2024,Heart Disease,Observation,2495,No
20251,1115,525,11007,4/12/2025,Fever,Surgery,2144,No
20252,1787,572,10049,5/10/2025,Flu,Lifestyle Advice,3699,No
20253,1420,581,11851,11/25/2025,Asthma,Medication,4090,No
20254,1499,561,11930,3/18/2025,Infection,Surgery,4114,Yes
20255,1710,518,12815,8/15/2024,Heart Disease,Medication,2155,No
20256,1380,558,12078,5/25/2024,Infection,Surgery,2770,No
20257,1143,576,12133,7/23/2025,Migraine,Lifestyle Advice,1675,No
20258,1740,557,12837,10/22/2024,Hypertension,Medication,1952,No
20259,1632,597,11526,8/28/2024,Heart Disease,Surgery,2313,Yes
20260,1865,587,11570,10/13/2024,Diabetes,Medication,1326,No
20261,1024,563,10329,11/5/2025,Skin Allergy,Physiotherapy,1763,No
20262,1539,512,12658,1/26/2024,Heart Disease,Physiotherapy,463,Yes
20263,1945,511,10434,3/27/2025,Infection,Physiotherapy,2047,No
20264,1075,513,10588,4/15/2024,Fever,Observation,4853,No
20265,1753,535,11711,8/27/2024,Fever,Physiotherapy,3732,Yes
20266,1535,527,11877,2/21/2025,Fever,Physiotherapy,3581,Yes
20267,1673,589,11273,11/27/2024,Heart Disease,Lifestyle Advice,1374,No
20268,1041,567,11876,2/11/2024,Routine Checkup,Medication,1545,Yes
20269,1750,589,12738,10/6/2025,Fever,Medication,4927,No
20270,1751,545,12046,7/9/2025,Hypertension,Physiotherapy,3057,No
20271,1568,574,11599,2/4/2024,Arthritis,Medication,3556,No
20272,1413,581,12473,12/12/2024,Heart Disease,Surgery,2265,No
20273,1415,567,12818,1/18/2025,Fever,Physiotherapy,1109,No
20274,1449,522,10512,5/27/2025,Diabetes,Physiotherapy,2919,No
20275,1610,578,11409,10/14/2024,Heart Disease,Observation,1828,No
20276,1658,591,11412,2/2/2024,Back Pain,Surgery,795,No
20277,1978,542,11839,4/4/2024,Arthritis,Physiotherapy,4717,No
20278,1774,520,11012,7/23/2024,Arthritis,Physiotherapy,2484,No
20279,1436,548,11473,9/12/2025,Heart Disease,Medication,1482,No
20280,1552,518,10564,1/30/2024,Back Pain,Physiotherapy,2595,No
20281,1705,577,10303,9/22/2024,Hypertension,Physiotherapy,3705,No
20282,1239,570,12147,1/23/2024,Heart Disease,Physiotherapy,1947,Yes
20283,1042,574,11330,8/31/2025,Back Pain,Physiotherapy,1828,No
20284,1734,593,12605,2/8/2024,Routine Checkup,Observation,752,Yes
20285,1708,506,12090,6/21/2024,Fever,Surgery,858,Yes
20286,1800,539,12516,2/16/2025,Fever,Observation,1379,No
20287,1010,511,12488,2/17/2025,Fever,Medication,541,No
20288,1747,525,12375,11/4/2025,Diabetes,Lifestyle Advice,4604,No
20289,1837,594,12617,11/22/2025,Heart Disease,Physiotherapy,3588,No
20290,1265,555,12024,9/6/2025,Skin Allergy,Medication,3673,No
20291,1581,584,12081,7/27/2024,Heart Disease,Lifestyle Advice,4892,No
20292,1445,558,10412,1/22/2024,Skin Allergy,Physiotherapy,4293,No
20293,1139,537,11650,1/5/2024,Hypertension,Physiotherapy,4070,Yes
20294,1867,516,12860,10/12/2025,Arthritis,Lifestyle Advice,4737,No
20295,1731,595,10508,8/1/2024,Migraine,Observation,1626,No
20296,1196,593,10056,11/2/2025,Infection,Lifestyle Advice,290,No
20297,1074,570,11748,5/18/2024,Skin Allergy,Lifestyle Advice,1973,No
20298,1615,593,12594,10/18/2025,Skin Allergy,Surgery,3115,No
20299,1225,596,10196,11/2/2025,Migraine,Physiotherapy,357,No
20300,1635,573,12461,8/17/2025,Fever,Physiotherapy,254,No
20301,1102,537,12685,10/28/2025,Skin Allergy,Observation,3091,Yes
20302,1264,553,11791,11/12/2024,Back Pain,Observation,4193,No
20303,1945,587,11681,7/29/2025,Migraine,Surgery,4002,No
20304,1920,516,11107,12/4/2025,Arthritis,Surgery,2375,No
20305,1999,518,12790,6/4/2024,Skin Allergy,Surgery,3682,No
20306,1161,519,12185,2/27/2025,Heart Disease,Observation,4269,No
20307,1233,544,10539,5/14/2025,Fever,Lifestyle Advice,2512,No
20308,1491,502,10689,3/31/2024,Asthma,Physiotherapy,123,Yes
20309,1787,558,10719,10/15/2025,Routine Checkup,Physiotherapy,1841,No
20310,1770,510,12981,2/11/2024,Diabetes,Medication,3260,No
20311,1311,576,10306,10/21/2024,Arthritis,Observation,3705,No
20312,1651,546,11335,12/2/2024,Asthma,Observation,3471,Yes
20313,1227,582,10388,1/1/2024,Skin Allergy,Surgery,2191,No
20314,1273,519,10725,4/18/2024,Back Pain,Medication,1160,Yes
20315,1938,538,12040,5/4/2024,Infection,Medication,3451,No
20316,1317,537,11890,3/4/2024,Migraine,Observation,560,No
20317,1899,591,10915,7/24/2024,Back Pain,Surgery,2217,Yes
20318,1086,578,12597,2/18/2025,Arthritis,Physiotherapy,1706,Yes
20319,1291,545,12554,8/31/2024,Asthma,Surgery,171,No
20320,1469,534,12436,8/12/2025,Hypertension,Physiotherapy,4372,No
20321,1729,502,12341,9/14/2025,Diabetes,Observation,806,No
20322,1871,544,10179,10/15/2025,Flu,Surgery,2028,No
20323,1578,597,12720,8/3/2024,Routine Checkup,Medication,2898,No
20324,1769,583,11904,6/11/2025,Routine Checkup,Lifestyle Advice,1277,No
20325,1647,527,11705,7/19/2025,Arthritis,Medication,253,No
20326,1404,548,10080,10/14/2025,Skin Allergy,Physiotherapy,129,No
20327,1427,594,10447,1/14/2025,Arthritis,Observation,3411,Yes
20328,1375,507,10766,3/19/2024,Heart Disease,Surgery,3926,Yes
20329,1902,527,11089,2/18/2025,Skin Allergy,Observation,4886,Yes
20330,1567,585,11396,3/28/2025,Back Pain,Observation,1974,No
20331,1868,571,12551,5/28/2024,Asthma,Physiotherapy,336,No
20332,1755,589,10570,9/30/2025,Diabetes,Observation,2285,Yes
20333,1252,518,10096,10/31/2025,Diabetes,Surgery,4825,No
20334,1533,533,11557,2/7/2024,Back Pain,Medication,717,No
20335,1307,533,11284,6/5/2024,Asthma,Observation,1671,Yes
20336,1430,596,12633,11/28/2024,Infection,Surgery,2537,Yes
20337,1675,525,10248,10/14/2024,Hypertension,Surgery,4555,No
20338,1868,514,12175,4/21/2024,Fever,Physiotherapy,681,Yes
20339,1264,538,12547,12/2/2025,Diabetes,Observation,2354,Yes
20340,1068,538,12094,9/9/2025,Arthritis,Physiotherapy,700,Yes
20341,1107,504,10982,3/31/2024,Routine Checkup,Medication,1078,No
20342,1400,562,10268,2/18/2024,Arthritis,Medication,614,Yes
20343,1579,582,11664,6/9/2024,Fever,Surgery,909,Yes
20344,1199,510,11566,5/30/2025,Fever,Observation,2585,No
20345,1192,535,12142,2/5/2025,Skin Allergy,Surgery,1546,Yes
20346,1514,599,10736,12/10/2025,Diabetes,Observation,568,No
20347,1769,523,12660,11/15/2024,Asthma,Physiotherapy,729,Yes
20348,1442,589,12119,12/29/2024,Fever,Medication,3482,Yes
20349,1001,565,12641,3/17/2025,Asthma,Medication,213,No
20350,1358,582,10449,4/19/2025,Infection,Physiotherapy,1325,Yes
20351,1115,579,11934,8/24/2025,Migraine,Lifestyle Advice,4442,Yes
20352,1903,525,11836,11/7/2024,Arthritis,Lifestyle Advice,1716,No
20353,1600,596,10620,6/15/2025,Routine Checkup,Lifestyle Advice,3417,Yes
20354,1197,553,10614,8/11/2025,Back Pain,Observation,4740,No
20355,1981,584,11434,8/7/2024,Hypertension,Physiotherapy,2770,Yes
20356,1604,517,12139,11/4/2025,Heart Disease,Observation,4913,Yes
20357,1274,557,11533,5/11/2025,Flu,Observation,4973,Yes
20358,1856,575,10877,12/8/2024,Hypertension,Physiotherapy,3168,No
20359,1160,577,12576,9/18/2025,Migraine,Observation,2637,No
20360,1173,589,11134,4/3/2024,Back Pain,Physiotherapy,3274,No
20361,1545,520,10775,5/12/2024,Migraine,Lifestyle Advice,2737,No
20362,1458,525,10672,5/15/2025,Skin Allergy,Lifestyle Advice,2322,No
20363,1585,542,12813,6/20/2024,Infection,Observation,151,No
20364,1433,545,11631,9/17/2025,Asthma,Medication,2444,No
20365,1929,531,12048,1/9/2024,Hypertension,Physiotherapy,2322,No
20366,1481,565,10361,11/12/2025,Flu,Surgery,4795,No
20367,1455,552,12426,11/16/2024,Infection,Surgery,4366,No
20368,1196,580,12393,4/7/2024,Heart Disease,Observation,3208,No
20369,1796,592,10798,6/17/2024,Heart Disease,Medication,1758,Yes
20370,1599,521,11784,11/6/2024,Hypertension,Physiotherapy,3657,No
20371,1309,530,12503,12/30/2025,Fever,Lifestyle Advice,4650,No
20372,1736,503,12956,12/8/2024,Heart Disease,Observation,4922,Yes
20373,1556,598,10067,3/5/2025,Skin Allergy,Physiotherapy,986,No
20374,1848,570,11582,7/9/2025,Asthma,Physiotherapy,3153,No
20375,1494,543,12091,5/14/2025,Heart Disease,Physiotherapy,2902,No
20376,1439,529,12277,10/11/2024,Infection,Medication,2297,Yes
20377,1650,503,11975,9/29/2025,Fever,Physiotherapy,4110,Yes
20378,1782,558,11837,9/16/2024,Routine Checkup,Medication,735,Yes
20379,1359,533,10234,5/9/2025,Hypertension,Medication,3114,Yes
20380,1036,575,11223,12/20/2024,Infection,Physiotherapy,3985,No
20381,1034,545,12545,8/1/2024,Arthritis,Lifestyle Advice,2182,No
20382,1088,569,12896,7/18/2024,Heart Disease,Physiotherapy,274,No
20383,1658,532,11056,8/23/2024,Diabetes,Lifestyle Advice,1156,Yes
20384,1016,582,12161,5/15/2024,Flu,Observation,1848,Yes
20385,1745,584,10973,9/19/2025,Asthma,Surgery,2862,No
20386,1421,552,11854,10/28/2025,Asthma,Observation,3568,No
20387,1553,564,10459,2/25/2025,Hypertension,Medication,2401,No
20388,1767,540,11170,12/6/2024,Skin Allergy,Observation,667,No
20389,1793,592,11381,12/7/2024,Asthma,Surgery,4518,No
20390,1126,513,10006,6/13/2025,Flu,Surgery,1883,Yes
20391,1008,590,10494,1/22/2025,Asthma,Lifestyle Advice,2243,No
20392,1472,580,12119,1/4/2024,Back Pain,Observation,4538,Yes
20393,1468,589,10939,11/7/2025,Asthma,Medication,2340,No
20394,1880,574,11364,9/30/2025,Fever,Medication,2658,No
20395,1862,529,12722,2/2/2025,Hypertension,Lifestyle Advice,1574,No
20396,1852,563,11057,2/25/2025,Asthma,Lifestyle Advice,4202,Yes
20397,1510,584,10143,2/14/2025,Heart Disease,Observation,429,No
20398,1402,526,10736,7/31/2024,Heart Disease,Lifestyle Advice,4278,Yes
20399,1836,596,12774,7/13/2025,Asthma,Surgery,2773,Yes
20400,1176,559,11704,7/11/2025,Arthritis,Medication,4722,No
20401,1740,549,11885,7/11/2025,Hypertension,Surgery,989,No
20402,1966,553,12265,2/17/2024,Asthma,Physiotherapy,861,No
20403,1835,588,11925,7/5/2024,Diabetes,Surgery,1123,No
20404,1914,531,12482,5/16/2025,Fever,Medication,1780,Yes
20405,1367,512,11891,9/23/2025,Fever,Physiotherapy,3356,Yes
20406,1488,558,12882,10/5/2025,Fever,Observation,1161,Yes
20407,1018,536,12768,6/14/2025,Fever,Physiotherapy,1003,No
20408,1056,510,10942,4/19/2025,Flu,Lifestyle Advice,233,No
20409,1919,506,11616,2/11/2024,Diabetes,Medication,1225,No
20410,1035,507,12955,8/26/2025,Arthritis,Lifestyle Advice,2064,No
20411,1902,531,11916,9/17/2024,Arthritis,Surgery,2139,No
20412,1630,591,11969,2/17/2024,Diabetes,Observation,4288,No
20413,1794,572,10055,8/8/2025,Diabetes,Medication,2949,Yes
20414,1766,503,11472,12/28/2025,Fever,Observation,3311,No
20415,1725,547,11059,3/21/2025,Flu,Medication,3466,No
20416,1573,585,12909,8/8/2024,Arthritis,Lifestyle Advice,3011,No
20417,1600,501,11007,9/12/2025,Migraine,Surgery,4969,Yes
20418,1783,545,11221,10/8/2025,Asthma,Physiotherapy,2691,Yes
20419,1347,554,10566,12/8/2024,Heart Disease,Observation,4383,No
20420,1032,550,10771,8/25/2024,Fever,Medication,2283,Yes
20421,1908,579,11798,6/3/2024,Infection,Medication,4361,No
20422,1133,507,11879,2/25/2024,Infection,Observation,3648,Yes
20423,1576,563,10878,1/21/2025,Arthritis,Physiotherapy,344,No
20424,1199,515,12872,12/10/2025,Arthritis,Surgery,1279,No
20425,1256,589,10514,11/10/2024,Arthritis,Medication,1878,No
20426,1342,567,11618,2/7/2024,Back Pain,Medication,2635,No
20427,1667,530,12910,12/6/2024,Heart Disease,Observation,536,No
20428,1975,578,10422,12/29/2025,Infection,Observation,2370,No
20429,1231,568,11976,8/18/2024,Flu,Medication,1924,No
20430,1301,536,10517,3/27/2025,Arthritis,Medication,893,Yes
20431,1547,567,12033,12/7/2024,Hypertension,Medication,4368,Yes
20432,1026,505,10705,3/28/2025,Migraine,Lifestyle Advice,1380,Yes
20433,1535,525,11674,9/13/2024,Arthritis,Medication,1838,Yes
20434,1653,595,12857,3/9/2025,Back Pain,Surgery,549,No
20435,1474,511,12092,7/27/2024,Infection,Surgery,2054,No
20436,1387,572,10858,7/19/2024,Hypertension,Physiotherapy,714,No
20437,1285,590,12849,5/16/2024,Arthritis,Observation,4421,Yes
20438,1450,566,10219,10/1/2025,Heart Disease,Physiotherapy,838,No
20439,1320,528,10568,7/18/2025,Infection,Medication,1731,No
20440,1156,560,11778,1/28/2025,Heart Disease,Observation,4271,No
20441,1471,510,12956,8/18/2025,Heart Disease,Medication,3765,No
20442,1420,550,10258,12/21/2025,Skin Allergy,Observation,168,No
20443,1113,539,11537,2/5/2024,Flu,Lifestyle Advice,1974,No
20444,1902,537,10961,8/2/2024,Back Pain,Lifestyle Advice,969,No
20445,1651,563,11401,1/27/2024,Asthma,Lifestyle Advice,1493,No
20446,1422,561,10893,10/19/2025,Back Pain,Physiotherapy,3570,No
20447,1886,585,12337,1/18/2024,Back Pain,Observation,3291,Yes
20448,1930,592,10972,9/21/2025,Infection,Physiotherapy,3219,No
20449,1721,538,10103,5/16/2024,Skin Allergy,Observation,2215,No
20450,1835,533,12852,8/1/2025,Hypertension,Medication,4065,Yes
20451,1876,575,11108,1/30/2024,Flu,Lifestyle Advice,476,Yes
20452,1942,545,11956,3/13/2024,Routine Checkup,Lifestyle Advice,2423,No
20453,1994,544,11050,5/2/2024,Asthma,Observation,2915,No
20454,1598,501,11759,8/15/2024,Infection,Physiotherapy,2041,No
20455,1285,553,11446,12/3/2024,Flu,Physiotherapy,304,Yes
20456,1572,547,11678,9/29/2024,Hypertension,Surgery,844,No
20457,1054,533,12350,3/12/2025,Skin Allergy,Lifestyle Advice,3236,Yes
20458,1605,567,11322,2/8/2024,Asthma,Lifestyle Advice,1649,No
20459,1325,590,11079,11/12/2025,Migraine,Physiotherapy,4520,No
20460,1970,515,10056,3/1/2025,Heart Disease,Lifestyle Advice,2525,No
20461,1458,514,11015,11/10/2024,Arthritis,Physiotherapy,2964,Yes
20462,1885,523,12422,9/5/2025,Asthma,Surgery,4073,Yes
20463,1265,554,10831,5/23/2025,Arthritis,Observation,4876,Yes
20464,1382,508,10920,6/5/2024,Back Pain,Observation,770,No
20465,1213,554,10457,9/13/2024,Diabetes,Surgery,3517,Yes
20466,1333,536,10132,9/26/2025,Infection,Lifestyle Advice,3165,No
20467,1010,584,10493,3/31/2025,Diabetes,Medication,1827,No
20468,1358,552,11578,2/16/2024,Arthritis,Lifestyle Advice,4126,No
20469,1203,506,11888,11/27/2024,Hypertension,Physiotherapy,3032,Yes
20470,1708,597,12158,1/10/2024,Flu,Medication,3914,Yes
20471,1058,528,10582,5/23/2024,Skin Allergy,Surgery,1803,No
20472,1494,550,10796,3/6/2025,Arthritis,Observation,3186,No
20473,1510,538,11884,5/31/2024,Migraine,Observation,3364,No
20474,1768,530,11203,5/1/2025,Back Pain,Lifestyle Advice,4641,Yes
20475,1223,581,11949,5/15/2024,Skin Allergy,Observation,153,No
20476,1369,573,10810,8/9/2025,Skin Allergy,Lifestyle Advice,791,No
20477,1692,592,12934,1/26/2024,Asthma,Physiotherapy,4199,No
20478,1418,554,10773,1/7/2024,Diabetes,Physiotherapy,356,No
20479,1874,571,11125,8/13/2025,Hypertension,Surgery,3532,No
20480,1547,546,12985,1/15/2024,Flu,Physiotherapy,933,No
20481,1871,528,10573,3/7/2025,Infection,Lifestyle Advice,2629,No
20482,1103,517,11207,2/3/2025,Asthma,Observation,2996,No
20483,1161,548,10809,7/25/2024,Hypertension,Physiotherapy,1261,Yes
20484,1200,544,10879,8/23/2025,Routine Checkup,Physiotherapy,3622,No
20485,1160,560,12461,8/31/2025,Asthma,Lifestyle Advice,572,No
20486,1695,560,11742,8/3/2024,Flu,Physiotherapy,2126,Yes
20487,1865,505,10830,5/16/2025,Migraine,Observation,1737,No
20488,1136,569,12614,4/3/2025,Fever,Observation,3648,No
20489,1942,578,11716,9/15/2024,Asthma,Observation,2340,Yes
20490,1398,570,12152,11/24/2024,Skin Allergy,Observation,2454,No
20491,1738,507,11150,3/29/2025,Hypertension,Medication,4954,Yes
20492,1392,553,11570,1/9/2025,Diabetes,Observation,1005,No
20493,1755,517,10677,4/8/2025,Infection,Medication,1283,No
20494,1106,559,10945,3/15/2024,Asthma,Observation,2319,No
20495,1583,509,11834,8/29/2024,Skin Allergy,Observation,3744,No
20496,1589,595,12318,1/17/2024,Flu,Lifestyle Advice,1188,No
20497,1054,522,12514,11/19/2025,Infection,Observation,1292,Yes
20498,1277,545,10801,9/15/2024,Flu,Physiotherapy,2228,No
20499,1111,573,11142,5/2/2024,Heart Disease,Observation,3551,No
20500,1224,559,11116,11/6/2024,Back Pain,Surgery,3941,Yes
20501,1075,580,11636,4/20/2024,Infection,Lifestyle Advice,431,No
20502,1506,600,12032,9/12/2024,Infection,Lifestyle Advice,1311,Yes
20503,1014,598,11509,8/21/2024,Routine Checkup,Observation,1148,Yes
20504,1971,513,11111,5/11/2025,Diabetes,Surgery,4188,Yes
20505,1770,583,10234,2/9/2024,Skin Allergy,Observation,2375,Yes
20506,1482,512,10913,5/1/2024,Heart Disease,Physiotherapy,1734,No
20507,1189,536,11148,3/25/2025,Flu,Lifestyle Advice,3705,No
20508,1364,510,11227,12/27/2025,Arthritis,Lifestyle Advice,602,No
20509,1239,516,11056,6/2/2025,Heart Disease,Surgery,3669,No
20510,1401,592,12405,4/1/2024,Routine Checkup,Medication,1179,No
20511,1846,519,11575,12/26/2024,Migraine,Surgery,1434,No
20512,1985,506,10094,5/2/2024,Skin Allergy,Physiotherapy,4747,No
20513,1304,504,11546,12/2/2024,Fever,Surgery,4118,Yes
20514,1091,530,11751,8/30/2025,Hypertension,Medication,4316,No
20515,1392,595,12292,5/27/2025,Arthritis,Physiotherapy,2173,No
20516,1184,546,10058,8/25/2025,Hypertension,Physiotherapy,4154,No
20517,1017,527,12368,3/3/2025,Arthritis,Medication,122,No
20518,1965,545,11043,3/8/2025,Heart Disease,Observation,1949,No
20519,1012,585,10357,1/7/2024,Fever,Surgery,2263,No
20520,1166,537,12165,4/29/2024,Hypertension,Physiotherapy,579,No
20521,1146,509,11160,1/21/2025,Flu,Surgery,2454,No
20522,1282,561,10296,12/15/2024,Migraine,Medication,2848,No
20523,1991,535,10525,10/2/2025,Routine Checkup,Lifestyle Advice,2639,No
20524,1549,547,11125,11/21/2025,Migraine,Medication,4964,No
20525,1582,521,11618,4/7/2024,Skin Allergy,Surgery,1243,Yes
20526,1169,517,11624,2/12/2024,Flu,Physiotherapy,2433,Yes
20527,1847,555,11129,7/1/2024,Routine Checkup,Surgery,2745,No
20528,1170,588,11666,11/27/2025,Back Pain,Lifestyle Advice,938,No
20529,1765,595,11550,7/18/2025,Heart Disease,Physiotherapy,1949,No
20530,1346,506,10401,11/3/2025,Flu,Lifestyle Advice,3486,No
20531,1499,535,11596,8/22/2024,Migraine,Observation,2952,No
20532,1460,550,11990,3/21/2025,Hypertension,Medication,2309,No
20533,1297,537,12787,7/18/2024,Heart Disease,Observation,1492,No
20534,1943,513,10529,5/27/2025,Asthma,Surgery,3356,No
20535,1142,525,12605,6/9/2025,Skin Allergy,Observation,2059,Yes
20536,1897,596,12598,7/31/2024,Hypertension,Medication,375,No
20537,1785,501,12408,1/12/2025,Migraine,Physiotherapy,4724,No
20538,1737,549,10064,6/29/2025,Arthritis,Lifestyle Advice,1559,Yes
20539,1695,535,12813,4/30/2025,Flu,Physiotherapy,3431,No
20540,1733,583,12822,12/26/2024,Heart Disease,Observation,1058,No
20541,1053,553,12672,6/16/2024,Arthritis,Surgery,1941,Yes
20542,1118,552,10102,11/12/2025,Arthritis,Observation,4159,No
20543,1365,554,12609,8/16/2025,Arthritis,Medication,4245,Yes
20544,1671,576,12892,2/7/2025,Migraine,Medication,3477,Yes
20545,1958,547,11181,5/16/2024,Fever,Surgery,2624,No
20546,1136,543,11819,8/20/2024,Diabetes,Physiotherapy,587,No
20547,1414,520,11414,4/24/2024,Hypertension,Medication,2227,Yes
20548,1077,533,12887,9/8/2024,Hypertension,Medication,2040,No
20549,1848,593,12729,5/7/2025,Heart Disease,Surgery,2553,Yes
20550,1962,516,12693,10/15/2024,Skin Allergy,Physiotherapy,4114,Yes
20551,1557,578,10399,2/18/2024,Infection,Observation,3897,Yes
20552,1018,507,10405,3/27/2025,Arthritis,Lifestyle Advice,4450,Yes
20553,1867,570,12874,5/30/2025,Flu,Surgery,1059,No
20554,1941,521,12695,11/18/2025,Back Pain,Physiotherapy,2663,No
20555,1403,536,12083,9/28/2024,Asthma,Lifestyle Advice,563,Yes
20556,1205,586,12468,3/6/2025,Infection,Surgery,2036,No
20557,1499,554,10377,1/26/2024,Fever,Observation,4231,No
20558,1324,519,10220,3/10/2024,Migraine,Observation,115,Yes
20559,1595,525,11922,10/19/2024,Infection,Physiotherapy,4170,No
20560,1562,567,12745,2/9/2025,Flu,Physiotherapy,1018,No
20561,1281,600,11541,8/21/2024,Fever,Observation,1713,Yes
20562,1166,553,11607,8/18/2024,Hypertension,Observation,922,No
20563,1243,598,12390,9/19/2024,Skin Allergy,Surgery,2220,Yes
20564,1889,575,10753,8/8/2025,Migraine,Physiotherapy,3491,Yes
20565,1479,548,11887,4/30/2024,Flu,Lifestyle Advice,2066,No
20566,1164,542,12464,4/7/2025,Diabetes,Observation,1981,No
20567,1324,547,12986,6/1/2025,Flu,Lifestyle Advice,839,No
20568,1568,591,10680,1/24/2024,Asthma,Physiotherapy,4953,No
20569,1551,542,10748,12/6/2025,Routine Checkup,Physiotherapy,3166,No
20570,1831,502,12854,11/10/2025,Hypertension,Medication,3943,No
20571,1640,506,11322,1/11/2025,Diabetes,Observation,897,No
20572,1903,546,12360,5/14/2025,Arthritis,Physiotherapy,3310,No
20573,1634,566,11767,3/12/2025,Back Pain,Physiotherapy,1686,No
20574,1759,581,10055,12/22/2025,Back Pain,Observation,3830,No
20575,1698,540,10694,10/6/2025,Back Pain,Medication,1877,Yes
20576,1208,558,10534,5/13/2025,Infection,Medication,2631,No
20577,1315,578,11819,6/22/2024,Migraine,Medication,2534,Yes
20578,1304,574,10105,10/24/2025,Arthritis,Medication,4017,No
20579,1901,533,12342,8/22/2025,Routine Checkup,Surgery,4653,Yes
20580,1239,562,12928,5/23/2025,Heart Disease,Observation,2569,No
20581,1727,512,12599,11/5/2024,Arthritis,Observation,2379,Yes
20582,1804,596,10911,3/10/2024,Asthma,Observation,1467,No
20583,1224,549,12423,7/23/2024,Hypertension,Medication,2867,Yes
20584,1088,588,10450,12/6/2024,Skin Allergy,Medication,1497,No
20585,1537,578,11469,2/1/2024,Diabetes,Physiotherapy,254,No
20586,1429,505,11416,2/12/2024,Arthritis,Surgery,3286,Yes
20587,1220,551,10812,4/27/2024,Asthma,Observation,1215,No
20588,1275,569,10390,1/15/2024,Asthma,Surgery,3765,No
20589,1647,532,11236,11/17/2024,Flu,Observation,3696,No
20590,1954,549,12715,9/18/2025,Back Pain,Medication,1214,No
20591,1745,597,11709,12/2/2024,Skin Allergy,Medication,799,Yes
20592,1977,560,11745,6/15/2025,Heart Disease,Observation,4300,No
20593,1066,546,11146,11/20/2025,Flu,Lifestyle Advice,695,Yes
20594,1592,568,12189,8/13/2025,Hypertension,Medication,1113,Yes
20595,1423,594,11476,1/15/2025,Hypertension,Physiotherapy,639,Yes
20596,1255,541,12922,5/25/2025,Routine Checkup,Medication,111,Yes
20597,1125,581,11856,4/29/2024,Flu,Physiotherapy,2043,No
20598,1146,567,11750,1/26/2024,Arthritis,Surgery,4559,No
20599,1615,513,11584,6/17/2025,Flu,Medication,761,No
20600,1385,600,11320,12/13/2025,Back Pain,Medication,4733,Yes
20601,1447,518,10843,3/4/2024,Back Pain,Surgery,4509,No
20602,1387,587,11605,4/4/2025,Infection,Physiotherapy,1522,Yes
20603,1383,599,12645,12/26/2025,Arthritis,Lifestyle Advice,1345,Yes
20604,1277,597,11306,11/9/2024,Flu,Physiotherapy,679,No
20605,1382,551,10952,8/12/2025,Hypertension,Observation,361,No
20606,1124,536,10552,8/3/2024,Flu,Observation,595,No
20607,1926,581,12005,3/31/2025,Fever,Observation,4325,No
20608,1267,534,11120,6/23/2025,Diabetes,Surgery,4987,Yes
20609,1790,512,12022,12/13/2025,Skin Allergy,Physiotherapy,2236,Yes
20610,1111,505,12421,8/1/2025,Diabetes,Medication,729,No
20611,1381,548,12696,4/17/2025,Infection,Observation,605,No
20612,1825,591,11097,12/24/2024,Diabetes,Physiotherapy,306,Yes
20613,1601,540,11837,5/5/2024,Diabetes,Medication,3531,No
20614,1899,513,11809,12/7/2025,Migraine,Physiotherapy,3230,No
20615,1158,526,11705,11/16/2025,Routine Checkup,Surgery,1954,No
20616,1728,514,12381,3/27/2024,Routine Checkup,Observation,1760,Yes
20617,1896,596,12441,12/8/2024,Migraine,Lifestyle Advice,2681,No
20618,1813,511,11125,1/29/2025,Heart Disease,Observation,384,Yes
20619,1548,538,11383,4/28/2025,Infection,Observation,818,Yes
20620,1599,580,11771,10/27/2025,Arthritis,Surgery,4088,No
20621,1118,557,11642,3/31/2025,Routine Checkup,Medication,601,No
20622,1328,522,12443,4/20/2025,Heart Disease,Observation,357,No
20623,1960,516,10035,7/28/2024,Routine Checkup,Medication,2697,Yes
20624,1694,577,12205,6/8/2025,Fever,Medication,2022,No
20625,1068,576,10904,11/6/2025,Heart Disease,Surgery,1339,Yes
20626,1434,582,10396,7/29/2025,Arthritis,Observation,3394,No
20627,1359,529,10207,11/2/2024,Skin Allergy,Surgery,3113,No
20628,1671,582,11781,3/16/2024,Infection,Surgery,4717,Yes
20629,1797,502,11629,1/22/2024,Diabetes,Lifestyle Advice,987,Yes
20630,1443,554,12669,2/29/2024,Arthritis,Surgery,3554,Yes
20631,1164,502,11330,1/20/2025,Heart Disease,Lifestyle Advice,844,No
20632,1973,503,11650,2/25/2024,Diabetes,Medication,3536,No
20633,1361,593,11560,6/16/2024,Skin Allergy,Medication,1804,Yes
20634,1585,556,10805,2/15/2025,Heart Disease,Physiotherapy,310,No
20635,1119,572,12510,12/17/2025,Asthma,Physiotherapy,4164,No
20636,1853,511,10252,7/9/2024,Heart Disease,Medication,2056,No
20637,1195,576,11291,4/26/2025,Migraine,Observation,2626,No
20638,1601,532,12915,7/20/2025,Diabetes,Physiotherapy,1802,No
20639,1857,504,10209,2/19/2025,Back Pain,Surgery,4314,Yes
20640,1588,509,10955,12/5/2024,Skin Allergy,Physiotherapy,585,No
20641,1733,588,12587,9/15/2024,Hypertension,Medication,2256,No
20642,1651,556,12028,12/15/2024,Migraine,Observation,2601,Yes
20643,1884,516,10835,8/23/2025,Migraine,Medication,3410,No
20644,1907,581,12551,3/12/2025,Flu,Observation,4707,Yes
20645,1241,586,10956,8/9/2024,Hypertension,Physiotherapy,1166,Yes
20646,1509,571,10514,2/16/2025,Infection,Surgery,4327,Yes
20647,1666,510,10580,12/15/2024,Asthma,Surgery,1915,No
20648,1565,593,11938,4/26/2025,Heart Disease,Medication,2898,No
20649,1142,536,11172,8/23/2025,Flu,Observation,3729,Yes
20650,1832,524,11998,2/28/2024,Arthritis,Physiotherapy,4156,Yes
20651,1976,564,12888,5/31/2024,Migraine,Observation,297,No
20652,1906,556,11666,6/23/2025,Asthma,Observation,3471,No
20653,1031,578,12131,8/12/2024,Hypertension,Observation,4415,No
20654,1223,578,12204,11/13/2024,Asthma,Physiotherapy,1415,No
20655,1804,589,12501,7/16/2025,Fever,Observation,2672,No
20656,1266,522,11643,10/5/2024,Routine Checkup,Surgery,4962,No
20657,1282,552,11212,7/11/2025,Fever,Medication,1281,Yes
20658,1788,550,10617,4/18/2025,Skin Allergy,Lifestyle Advice,3441,Yes
20659,1381,547,12672,9/9/2025,Fever,Observation,356,No
20660,1556,523,11498,1/24/2024,Migraine,Surgery,2848,No
20661,1062,596,10507,6/2/2025,Skin Allergy,Surgery,2662,No
20662,1713,590,11295,1/2/2025,Fever,Medication,1767,Yes
20663,1847,591,10622,11/30/2024,Heart Disease,Medication,2748,Yes
20664,1521,576,11952,3/8/2025,Heart Disease,Lifestyle Advice,736,No
20665,1071,583,11460,1/3/2024,Hypertension,Lifestyle Advice,2922,No
20666,1602,519,10293,9/14/2024,Heart Disease,Lifestyle Advice,107,No
20667,1536,552,10655,9/19/2024,Skin Allergy,Physiotherapy,1679,Yes
20668,1140,534,12985,4/30/2024,Asthma,Physiotherapy,234,No
20669,1316,596,12805,12/20/2025,Diabetes,Surgery,3931,No
20670,1340,529,12715,1/21/2024,Routine Checkup,Medication,4220,No
20671,1888,561,12108,5/19/2024,Heart Disease,Observation,2612,Yes
20672,1590,585,11622,4/21/2025,Flu,Medication,4569,No
20673,1726,535,12375,10/15/2024,Fever,Physiotherapy,2343,No
20674,1528,505,12847,7/24/2024,Infection,Surgery,2269,No
20675,1541,576,10785,2/12/2024,Skin Allergy,Observation,4967,No
20676,1416,507,10767,4/27/2024,Arthritis,Lifestyle Advice,4754,Yes
20677,1467,541,10519,1/5/2024,Heart Disease,Lifestyle Advice,4057,Yes
20678,1375,502,12686,7/25/2024,Routine Checkup,Physiotherapy,1332,No
20679,1291,589,12131,9/26/2025,Arthritis,Surgery,3472,No
20680,1043,510,10028,12/10/2024,Flu,Medication,1053,No
20681,1864,544,10266,5/21/2024,Routine Checkup,Physiotherapy,1638,Yes
20682,1887,570,11307,1/6/2025,Migraine,Medication,1007,Yes
20683,1053,591,12445,8/19/2024,Migraine,Observation,1780,Yes
20684,1788,535,12811,6/12/2024,Routine Checkup,Medication,2009,Yes
20685,1883,562,10980,6/30/2025,Fever,Observation,4189,No
20686,1232,574,11724,12/29/2024,Diabetes,Surgery,718,No
20687,1212,573,10811,11/30/2024,Heart Disease,Physiotherapy,2888,Yes
20688,1008,520,10581,1/11/2024,Fever,Medication,2009,No
20689,1634,535,11862,2/11/2025,Diabetes,Surgery,2944,No
20690,1483,537,10611,3/15/2024,Arthritis,Surgery,4401,Yes
20691,1042,572,10193,10/26/2024,Flu,Medication,4778,No
20692,1333,554,12275,1/15/2025,Fever,Lifestyle Advice,796,Yes
20693,1233,595,10451,12/10/2025,Routine Checkup,Lifestyle Advice,3504,No
20694,1070,580,11206,9/25/2025,Migraine,Observation,4403,Yes
20695,1879,528,10932,8/8/2025,Asthma,Surgery,504,No
20696,1016,570,11351,1/28/2024,Skin Allergy,Physiotherapy,2535,No
20697,1069,532,11629,4/7/2025,Routine Checkup,Physiotherapy,1610,Yes
20698,1053,592,12703,1/30/2025,Infection,Surgery,2418,Yes
20699,1685,511,10203,11/13/2025,Arthritis,Lifestyle Advice,4188,Yes
20700,1947,542,10402,1/10/2025,Hypertension,Surgery,2584,No
20701,1994,523,12028,2/24/2025,Skin Allergy,Observation,957,No
20702,1774,530,11668,12/29/2024,Flu,Surgery,3829,Yes
20703,1379,509,12520,8/3/2024,Routine Checkup,Medication,2492,Yes
20704,1801,592,11670,4/10/2024,Diabetes,Lifestyle Advice,4168,No
20705,1463,588,10890,4/2/2024,Arthritis,Medication,4382,Yes
20706,1527,559,10179,7/28/2025,Infection,Medication,119,No
20707,1782,528,11722,9/22/2024,Back Pain,Surgery,2520,Yes
20708,1679,588,11980,7/24/2024,Skin Allergy,Surgery,3126,No
20709,1063,579,12511,3/20/2024,Asthma,Physiotherapy,166,No
20710,1261,533,12883,2/6/2024,Heart Disease,Medication,3233,Yes
20711,1500,547,12657,1/11/2024,Infection,Surgery,3657,No
20712,1121,598,11570,9/18/2025,Heart Disease,Physiotherapy,885,No
20713,1858,522,10926,3/30/2024,Back Pain,Medication,2232,Yes
20714,1240,529,11427,1/19/2024,Hypertension,Physiotherapy,1529,Yes
20715,1465,534,12045,7/17/2025,Skin Allergy,Lifestyle Advice,1518,Yes
20716,1107,542,11417,1/8/2025,Back Pain,Observation,3790,No
20717,1180,552,12984,4/3/2024,Hypertension,Medication,1647,Yes
20718,1016,547,12348,2/1/2024,Infection,Surgery,4371,No
20719,1355,574,10351,10/24/2025,Heart Disease,Lifestyle Advice,458,No
20720,1934,551,10187,5/19/2024,Arthritis,Physiotherapy,1662,No
20721,1309,545,12671,7/23/2025,Back Pain,Observation,4486,No
20722,1727,594,11433,1/21/2024,Fever,Medication,2277,No
20723,1589,575,12119,5/28/2024,Flu,Observation,3910,No
20724,1737,534,11968,8/8/2024,Asthma,Lifestyle Advice,578,No
20725,1605,521,10309,8/6/2024,Skin Allergy,Observation,747,Yes
20726,1181,513,12225,6/24/2025,Routine Checkup,Medication,363,Yes
20727,1174,554,10427,7/12/2025,Fever,Lifestyle Advice,3842,Yes
20728,1354,525,12788,2/27/2024,Flu,Physiotherapy,3056,No
20729,1354,521,10531,2/28/2025,Hypertension,Medication,1661,Yes
20730,1219,501,12466,10/1/2024,Flu,Observation,1536,Yes
20731,1655,558,10248,5/19/2024,Hypertension,Medication,2105,No
20732,1315,569,12257,1/23/2024,Skin Allergy,Lifestyle Advice,3240,No
20733,1434,586,10216,1/12/2025,Hypertension,Observation,1007,No
20734,1905,571,10713,1/7/2025,Skin Allergy,Physiotherapy,229,No
20735,1282,513,10438,3/3/2024,Diabetes,Surgery,1037,No
20736,1259,552,11793,7/17/2025,Arthritis,Physiotherapy,3818,No
20737,1868,523,11642,12/7/2024,Heart Disease,Medication,914,No
20738,1559,521,12359,6/15/2024,Skin Allergy,Surgery,4062,No
20739,1005,506,10383,5/30/2024,Migraine,Lifestyle Advice,3481,No
20740,1574,520,10981,6/6/2025,Infection,Observation,114,Yes
20741,1980,576,11295,8/29/2025,Infection,Observation,2137,Yes
20742,1596,540,10121,8/6/2025,Diabetes,Lifestyle Advice,3588,No
20743,1645,509,10407,5/15/2025,Routine Checkup,Medication,806,Yes
20744,1394,550,10245,7/13/2025,Arthritis,Physiotherapy,802,Yes
20745,1336,528,10066,12/13/2024,Migraine,Surgery,4941,No
20746,1063,511,12990,9/28/2024,Fever,Lifestyle Advice,4231,Yes
20747,1793,596,10228,3/5/2025,Migraine,Medication,4942,No
20748,1044,575,10882,8/29/2025,Arthritis,Medication,2655,Yes
20749,1153,588,12185,8/20/2024,Asthma,Surgery,4841,Yes
20750,1926,556,12242,7/13/2025,Hypertension,Lifestyle Advice,3086,No
20751,1782,579,10706,7/26/2024,Hypertension,Physiotherapy,4039,Yes
20752,1854,535,10658,3/28/2025,Fever,Physiotherapy,3438,No
20753,1683,581,12705,5/15/2025,Infection,Lifestyle Advice,616,No
20754,1156,525,11513,8/11/2025,Arthritis,Observation,897,No
20755,1478,599,10930,8/6/2024,Routine Checkup,Physiotherapy,584,Yes
20756,1275,519,11728,3/21/2024,Diabetes,Observation,3774,No
20757,1358,531,12604,7/2/2025,Infection,Lifestyle Advice,2811,Yes
20758,1426,581,11181,9/5/2025,Skin Allergy,Medication,542,No
20759,1532,550,10958,12/3/2025,Flu,Lifestyle Advice,1753,Yes
20760,1483,587,11040,6/24/2025,Skin Allergy,Medication,1113,Yes
20761,1214,563,11102,9/7/2024,Infection,Lifestyle Advice,1062,No
20762,1079,547,12100,8/28/2025,Fever,Observation,672,No
20763,1139,501,10514,2/18/2025,Arthritis,Observation,4553,No
20764,1950,558,10744,3/26/2024,Migraine,Lifestyle Advice,4816,No
20765,1098,510,11406,9/13/2025,Asthma,Medication,1930,Yes
20766,1889,508,11833,8/4/2024,Fever,Lifestyle Advice,3942,Yes
20767,1664,526,12740,7/14/2024,Asthma,Medication,915,No
20768,1198,534,10543,10/23/2024,Arthritis,Observation,3771,Yes
20769,1785,519,12458,2/13/2024,Flu,Surgery,2636,No
20770,1156,578,12203,1/27/2025,Routine Checkup,Physiotherapy,1310,No
20771,1050,572,12681,3/18/2025,Arthritis,Observation,3234,Yes
20772,1479,501,12099,3/30/2024,Back Pain,Lifestyle Advice,654,No
20773,1228,548,11712,6/3/2024,Heart Disease,Lifestyle Advice,2892,No
20774,1951,525,11928,4/22/2025,Heart Disease,Medication,4162,No
20775,1457,524,12572,9/12/2025,Heart Disease,Physiotherapy,3865,Yes
20776,1522,547,10355,2/28/2024,Heart Disease,Observation,4402,Yes
20777,1149,584,12850,4/19/2024,Migraine,Physiotherapy,1364,No
20778,1058,594,11229,4/23/2025,Hypertension,Physiotherapy,993,Yes
20779,1162,569,11755,9/9/2025,Routine Checkup,Observation,2272,No
20780,1863,567,12888,8/16/2025,Back Pain,Medication,2404,No
20781,1477,532,12304,2/18/2024,Infection,Medication,3263,No
20782,1107,517,10248,1/11/2025,Fever,Medication,4932,No
20783,1427,561,10533,2/1/2024,Infection,Surgery,4058,Yes
20784,1395,569,12089,4/30/2025,Skin Allergy,Physiotherapy,4483,No
20785,1801,511,10790,8/23/2025,Migraine,Surgery,1338,Yes
20786,1186,538,11301,6/14/2025,Routine Checkup,Medication,1917,No
20787,1558,568,11948,1/3/2024,Routine Checkup,Observation,866,Yes
20788,1957,519,12243,1/12/2025,Diabetes,Physiotherapy,2659,No
20789,1446,587,11095,7/25/2025,Flu,Observation,672,No
20790,1641,517,11359,8/29/2024,Routine Checkup,Lifestyle Advice,4563,Yes
20791,1917,513,10308,6/24/2025,Migraine,Physiotherapy,2432,No
20792,1830,591,11451,8/9/2025,Infection,Observation,2210,Yes
20793,1448,501,12124,8/4/2025,Arthritis,Medication,4841,Yes
20794,1087,502,10787,8/17/2025,Skin Allergy,Surgery,850,Yes
20795,1249,582,12843,12/22/2024,Flu,Observation,2911,No
20796,1841,600,11549,11/15/2025,Heart Disease,Lifestyle Advice,4556,Yes
20797,1440,597,11899,7/15/2024,Hypertension,Medication,3654,No
20798,1257,600,11665,2/22/2025,Back Pain,Lifestyle Advice,2518,Yes
20799,1277,566,12278,10/20/2025,Heart Disease,Surgery,3088,No
20800,1790,568,12133,9/29/2024,Fever,Lifestyle Advice,954,No
20801,1438,516,11186,5/16/2025,Diabetes,Observation,2950,No
20802,1516,504,12445,2/4/2024,Hypertension,Observation,3479,Yes
20803,1577,557,11395,9/16/2025,Flu,Medication,293,No
20804,1947,573,10215,4/5/2025,Heart Disease,Surgery,1677,Yes
20805,1202,585,10377,12/18/2025,Arthritis,Surgery,1580,No
20806,1575,523,12460,10/31/2025,Infection,Physiotherapy,4528,No
20807,1655,502,12848,9/9/2024,Diabetes,Physiotherapy,846,Yes
20808,1756,567,11207,9/25/2025,Infection,Observation,3187,Yes
20809,1804,587,10410,5/26/2025,Back Pain,Lifestyle Advice,4840,Yes
20810,1797,526,10216,2/17/2024,Skin Allergy,Lifestyle Advice,249,Yes
20811,1180,507,10752,7/3/2024,Heart Disease,Medication,3965,Yes
20812,1686,600,10349,5/5/2025,Infection,Surgery,4997,No
20813,1325,544,12879,9/29/2024,Fever,Observation,2428,Yes
20814,1925,533,10654,9/4/2025,Skin Allergy,Lifestyle Advice,1775,No
20815,1623,564,11775,6/10/2025,Arthritis,Physiotherapy,2686,No
20816,1687,536,10003,5/7/2024,Fever,Observation,2489,No
20817,1475,504,11118,7/28/2024,Flu,Medication,773,No
20818,1665,523,11083,9/15/2025,Diabetes,Observation,3801,No
20819,1976,525,12788,5/21/2024,Asthma,Lifestyle Advice,1460,No
20820,1400,590,10407,6/21/2024,Flu,Medication,3166,No
20821,1868,592,12066,11/8/2025,Fever,Physiotherapy,3246,No
20822,1217,592,11518,3/22/2025,Infection,Physiotherapy,3717,No
20823,1809,585,10751,4/28/2024,Heart Disease,Lifestyle Advice,3167,No
20824,1961,574,11896,12/15/2025,Infection,Medication,2262,Yes
20825,1453,527,12634,1/11/2024,Routine Checkup,Physiotherapy,1544,No
20826,1404,551,10888,10/30/2024,Arthritis,Medication,4125,No
20827,1965,579,12380,6/2/2024,Heart Disease,Observation,2260,No
20828,1932,581,11013,11/18/2024,Infection,Surgery,3453,No
20829,1989,599,10169,6/20/2025,Hypertension,Surgery,4919,No
20830,1240,569,12824,3/20/2025,Back Pain,Surgery,1870,No
20831,1738,580,11696,12/7/2024,Hypertension,Physiotherapy,4644,Yes
20832,1186,523,10849,8/8/2024,Asthma,Lifestyle Advice,1802,No
20833,1048,509,11705,4/19/2024,Fever,Surgery,294,Yes
20834,1978,533,10941,2/13/2025,Heart Disease,Lifestyle Advice,674,No
20835,1386,535,10206,2/21/2025,Routine Checkup,Surgery,2729,Yes
20836,1208,550,11893,8/24/2025,Back Pain,Observation,4786,Yes
20837,1157,524,10521,5/19/2025,Back Pain,Surgery,4743,Yes
20838,1225,588,11018,2/9/2024,Skin Allergy,Lifestyle Advice,488,No
20839,1144,524,12352,5/23/2025,Heart Disease,Physiotherapy,1852,No
20840,1419,519,12163,4/3/2025,Asthma,Observation,760,No
20841,1111,539,12712,9/19/2024,Back Pain,Lifestyle Advice,2932,No
20842,1830,561,12135,10/31/2025,Skin Allergy,Medication,4729,No
20843,1875,525,10743,4/27/2024,Hypertension,Surgery,396,No
20844,1874,595,12476,3/25/2025,Heart Disease,Observation,430,No
20845,1465,525,11722,2/17/2025,Diabetes,Physiotherapy,3949,Yes
20846,1132,527,10450,12/8/2025,Heart Disease,Medication,1384,Yes
20847,1625,532,10786,6/9/2025,Heart Disease,Surgery,1178,Yes
20848,1836,511,12763,4/5/2025,Migraine,Observation,974,No
20849,1947,569,10002,4/27/2024,Heart Disease,Lifestyle Advice,3966,Yes
20850,1601,533,11102,8/4/2024,Flu,Surgery,4937,No
20851,1673,519,11348,12/17/2025,Arthritis,Observation,2785,No
20852,1334,516,12791,3/17/2024,Hypertension,Surgery,2589,Yes
20853,1920,599,11122,2/24/2025,Asthma,Observation,1685,No
20854,1075,511,12158,6/20/2024,Back Pain,Lifestyle Advice,3907,No
20855,1793,575,10679,1/24/2025,Arthritis,Surgery,3040,Yes
20856,1412,574,11833,1/26/2024,Arthritis,Observation,4586,No
20857,1519,598,10371,5/7/2024,Skin Allergy,Medication,4568,No
20858,1625,569,12938,1/8/2025,Infection,Physiotherapy,1602,No
20859,1036,587,12647,10/15/2025,Asthma,Observation,845,Yes
20860,1778,555,11046,1/24/2024,Fever,Observation,2712,Yes
20861,1625,525,10722,4/14/2025,Fever,Observation,1608,No
20862,1804,593,10305,2/26/2025,Asthma,Surgery,1870,No
20863,1223,577,10924,6/25/2024,Migraine,Physiotherapy,3879,No
20864,1723,596,11296,6/21/2025,Asthma,Surgery,2061,No
20865,1530,534,10836,9/22/2024,Back Pain,Observation,1695,No
20866,1241,512,12494,9/20/2025,Asthma,Observation,4880,Yes
20867,1134,588,12980,7/23/2025,Migraine,Physiotherapy,2633,Yes
20868,1732,521,12326,9/26/2024,Migraine,Medication,3758,Yes
20869,1391,529,12425,11/24/2024,Diabetes,Surgery,565,No
20870,1102,551,12280,3/30/2025,Heart Disease,Medication,2169,No
20871,1652,523,12640,10/21/2024,Migraine,Observation,2543,No
20872,1681,533,10426,5/1/2024,Routine Checkup,Observation,1332,No
20873,1498,508,11993,6/7/2024,Migraine,Lifestyle Advice,244,No
20874,1511,542,11827,6/26/2024,Back Pain,Lifestyle Advice,2452,Yes
20875,1703,577,12489,10/17/2025,Infection,Medication,1907,Yes
20876,1994,569,12082,11/23/2024,Migraine,Lifestyle Advice,3148,No
20877,1537,541,12377,11/2/2024,Skin Allergy,Physiotherapy,4142,No
20878,1977,574,12893,3/29/2024,Diabetes,Medication,4239,No
20879,1949,563,10454,2/7/2024,Skin Allergy,Lifestyle Advice,4302,Yes
20880,1545,514,10764,8/13/2025,Hypertension,Lifestyle Advice,4345,No
20881,1343,588,11149,12/11/2024,Routine Checkup,Physiotherapy,1387,No
20882,1841,562,10523,9/8/2024,Infection,Physiotherapy,209,Yes
20883,1006,575,10482,5/28/2024,Flu,Medication,4945,No
20884,1958,546,12365,1/16/2024,Diabetes,Surgery,4919,Yes
20885,1194,567,10122,1/1/2025,Heart Disease,Physiotherapy,2890,No
20886,1742,593,10581,4/27/2024,Fever,Lifestyle Advice,4523,No
20887,1137,553,12535,12/4/2025,Flu,Medication,961,Yes
20888,1835,552,12173,11/12/2024,Heart Disease,Surgery,560,No
20889,1912,594,11835,10/14/2024,Flu,Medication,1204,Yes
20890,1473,507,12707,12/16/2024,Infection,Lifestyle Advice,843,Yes
20891,1216,581,11101,10/23/2024,Asthma,Surgery,2510,No
20892,1349,584,12628,7/12/2024,Asthma,Surgery,3892,No
20893,1876,554,10718,1/26/2025,Flu,Physiotherapy,542,Yes
20894,1183,511,12818,3/18/2025,Heart Disease,Observation,1933,Yes
20895,1168,525,12952,10/7/2024,Asthma,Lifestyle Advice,985,No
20896,1794,559,10406,10/27/2024,Back Pain,Observation,3704,No
20897,1038,588,11267,3/1/2025,Diabetes,Lifestyle Advice,4456,Yes
20898,1675,566,11485,9/6/2024,Asthma,Medication,4475,Yes
20899,1471,527,10277,5/29/2025,Fever,Observation,3321,No
20900,1452,583,11493,11/16/2025,Fever,Surgery,251,No
20901,1955,558,11249,2/9/2025,Hypertension,Physiotherapy,1696,Yes
20902,1490,593,12973,9/7/2025,Fever,Lifestyle Advice,1771,No
20903,1142,511,11125,8/31/2024,Skin Allergy,Physiotherapy,1634,Yes
20904,1760,555,12902,1/1/2025,Flu,Lifestyle Advice,1665,No
20905,1943,519,11658,4/29/2024,Routine Checkup,Surgery,1050,Yes
20906,1103,592,11754,3/15/2025,Flu,Surgery,3014,Yes
20907,1711,539,10507,5/18/2025,Infection,Surgery,2592,No
20908,1712,585,10237,8/4/2025,Flu,Surgery,1441,Yes
20909,1042,590,10752,3/8/2025,Diabetes,Surgery,831,Yes
20910,1947,586,12554,7/1/2024,Infection,Physiotherapy,4433,No
20911,1147,570,10165,4/5/2025,Skin Allergy,Medication,638,No
20912,1066,511,12894,4/27/2024,Hypertension,Observation,868,Yes
20913,1943,514,11693,1/31/2024,Infection,Physiotherapy,2956,No
20914,1193,560,11957,5/28/2024,Heart Disease,Observation,3825,No
20915,1298,536,12776,6/11/2025,Migraine,Medication,2221,No
20916,1038,541,11769,9/29/2024,Asthma,Lifestyle Advice,1834,No
20917,1502,502,12424,1/19/2025,Routine Checkup,Medication,4491,No
20918,1653,557,11456,4/11/2024,Diabetes,Medication,113,No
20919,1618,560,12131,3/12/2024,Migraine,Lifestyle Advice,4807,Yes
20920,1428,520,10431,12/5/2025,Migraine,Observation,3774,No
20921,1664,522,12526,9/14/2025,Back Pain,Surgery,4590,No
20922,1352,504,10783,2/11/2025,Back Pain,Lifestyle Advice,290,Yes
20923,1926,556,12417,12/12/2024,Infection,Lifestyle Advice,2964,Yes
20924,1326,593,10955,1/1/2025,Heart Disease,Medication,4202,Yes
20925,1038,558,11993,9/9/2025,Diabetes,Lifestyle Advice,1204,Yes
20926,1097,588,11660,7/2/2025,Flu,Physiotherapy,2912,Yes
20927,1108,565,10141,10/17/2024,Migraine,Surgery,751,Yes
20928,1631,588,10720,2/25/2025,Migraine,Medication,1480,Yes
20929,1151,558,11651,6/29/2024,Asthma,Observation,901,No
20930,1074,530,11977,10/16/2025,Hypertension,Observation,4644,No
20931,1057,576,11016,4/23/2024,Diabetes,Observation,2221,Yes
20932,1878,519,10288,8/25/2024,Asthma,Observation,2084,No
20933,1335,562,12403,4/3/2024,Skin Allergy,Observation,4240,No
20934,1252,568,10343,9/16/2024,Heart Disease,Medication,1652,No
20935,1919,579,12197,4/16/2024,Back Pain,Physiotherapy,2892,No
20936,1804,584,12258,8/31/2024,Routine Checkup,Physiotherapy,2823,Yes
20937,1825,544,12702,2/26/2025,Routine Checkup,Observation,2122,No
20938,1767,584,10976,11/30/2024,Hypertension,Physiotherapy,4770,No
20939,1254,561,12584,1/23/2024,Routine Checkup,Surgery,1530,No
20940,1385,521,11824,9/27/2024,Flu,Physiotherapy,4288,Yes
20941,1456,510,10331,5/19/2024,Skin Allergy,Lifestyle Advice,2613,No
20942,1259,530,10365,4/10/2025,Hypertension,Observation,703,Yes
20943,1782,524,10011,3/29/2025,Asthma,Lifestyle Advice,426,No
20944,1465,548,10509,1/18/2025,Skin Allergy,Lifestyle Advice,3938,No
20945,1034,555,12628,8/16/2025,Fever,Observation,2875,No
20946,1495,552,11469,1/11/2025,Hypertension,Medication,3739,Yes
20947,1326,538,11114,3/13/2025,Arthritis,Physiotherapy,690,No
20948,1837,567,10622,2/25/2025,Heart Disease,Surgery,1538,Yes
20949,1238,593,10901,6/4/2024,Arthritis,Medication,3670,Yes
20950,1691,508,11472,11/30/2024,Infection,Surgery,950,No
20951,1616,529,12766,6/14/2025,Migraine,Observation,539,No
20952,1541,510,10327,8/3/2025,Diabetes,Physiotherapy,3095,No
20953,1739,569,10074,5/11/2024,Asthma,Medication,4523,No
20954,1466,575,10251,12/21/2025,Diabetes,Observation,1765,Yes
20955,1744,568,12498,5/15/2025,Infection,Medication,3008,No
20956,1304,549,10906,6/5/2025,Infection,Lifestyle Advice,1357,No
20957,1862,558,12403,5/19/2024,Flu,Physiotherapy,1644,No
20958,1847,535,10533,5/14/2024,Hypertension,Physiotherapy,2005,No
20959,1117,550,10296,2/10/2025,Back Pain,Observation,3779,No
20960,1207,540,10298,4/3/2024,Back Pain,Observation,1915,No
20961,1912,512,11352,8/28/2024,Fever,Observation,2376,No
20962,1697,585,10302,6/13/2024,Arthritis,Physiotherapy,3416,No
20963,1481,516,10512,11/20/2024,Back Pain,Lifestyle Advice,1550,No
20964,1650,578,10585,10/21/2025,Skin Allergy,Physiotherapy,2147,No
20965,1403,585,12422,8/5/2024,Migraine,Observation,4939,Yes
20966,1997,548,11118,9/11/2025,Fever,Surgery,3644,Yes
20967,1835,591,12180,8/18/2024,Hypertension,Lifestyle Advice,3734,No
20968,1676,600,11635,8/4/2025,Heart Disease,Physiotherapy,273,Yes
20969,1900,501,10910,8/8/2025,Heart Disease,Surgery,1198,No
20970,1587,565,11934,6/27/2024,Diabetes,Lifestyle Advice,1222,No
20971,1233,522,10053,3/20/2024,Infection,Physiotherapy,2660,Yes
20972,1929,515,11520,12/19/2024,Heart Disease,Observation,2142,No
20973,1284,584,12277,11/1/2025,Infection,Physiotherapy,3878,Yes
20974,1480,567,12688,11/11/2025,Diabetes,Lifestyle Advice,2276,No
20975,1889,514,12845,6/9/2024,Routine Checkup,Observation,2521,Yes
20976,1767,573,10791,3/2/2025,Migraine,Medication,4431,No
20977,1976,519,11528,2/6/2025,Migraine,Surgery,4937,No
20978,1009,540,10495,2/1/2024,Back Pain,Observation,3872,No
20979,1715,598,10853,4/30/2024,Heart Disease,Observation,1792,Yes
20980,1902,504,12719,12/27/2025,Diabetes,Lifestyle Advice,390,No
20981,1379,533,11095,5/29/2025,Infection,Lifestyle Advice,4031,Yes
20982,1817,543,12237,1/19/2025,Migraine,Surgery,1518,Yes
20983,1603,537,10663,2/28/2025,Fever,Lifestyle Advice,2088,No
20984,1381,566,10008,4/20/2025,Back Pain,Observation,667,Yes
20985,1844,527,12380,7/13/2025,Asthma,Surgery,3138,No
20986,1662,545,10666,6/15/2024,Back Pain,Surgery,2445,No
20987,1360,581,10669,1/23/2025,Heart Disease,Physiotherapy,3243,No
20988,1176,550,11286,11/28/2024,Arthritis,Observation,2403,No
20989,1485,595,10161,6/6/2025,Infection,Observation,408,Yes
20990,1405,563,12399,4/15/2025,Back Pain,Lifestyle Advice,2238,No
20991,1033,506,12365,12/4/2025,Diabetes,Observation,2296,No
20992,1465,595,10937,6/7/2025,Migraine,Lifestyle Advice,561,No
20993,1696,567,10018,2/22/2024,Migraine,Observation,4830,No
20994,1157,567,12534,7/20/2025,Heart Disease,Physiotherapy,3920,No
20995,1565,597,12415,1/21/2024,Heart Disease,Observation,4832,No
20996,1808,559,10351,1/19/2024,Arthritis,Physiotherapy,745,No
20997,1202,513,12576,3/31/2025,Heart Disease,Observation,4713,No
20998,1786,521,10872,11/17/2024,Diabetes,Observation,1496,No
20999,1175,564,11459,3/8/2025,Heart Disease,Medication,3368,No
21000,1244,537,12981,2/28/2024,Asthma,Observation,4385,Yes
21001,1269,580,12318,5/30/2024,Fever,Physiotherapy,3974,No
21002,1923,585,12919,3/15/2025,Diabetes,Surgery,4274,Yes
21003,1446,548,11092,2/27/2024,Arthritis,Physiotherapy,1670,No
21004,1074,556,11054,12/28/2025,Fever,Observation,915,No
21005,1096,544,10316,7/27/2025,Migraine,Lifestyle Advice,2005,No
21006,1873,513,11845,10/19/2025,Routine Checkup,Medication,4267,No
21007,1173,504,10737,10/19/2024,Back Pain,Lifestyle Advice,2190,No
21008,1899,595,12212,6/30/2024,Hypertension,Medication,4998,No
21009,1406,573,12974,8/29/2025,Diabetes,Medication,3304,Yes
21010,1155,533,10320,3/18/2024,Heart Disease,Lifestyle Advice,3970,No
21011,1183,537,11038,10/15/2025,Arthritis,Observation,1229,No
21012,1323,553,12327,4/14/2024,Routine Checkup,Physiotherapy,2155,Yes
21013,1289,524,10432,9/17/2024,Diabetes,Lifestyle Advice,1897,No
21014,1258,589,12716,8/29/2025,Diabetes,Surgery,3514,Yes
21015,1587,551,10634,8/10/2024,Skin Allergy,Medication,2584,No
21016,1174,541,11706,4/28/2025,Hypertension,Physiotherapy,788,Yes
21017,1330,529,12570,12/2/2025,Migraine,Surgery,3563,No
21018,1231,559,12406,5/8/2024,Migraine,Physiotherapy,675,No
21019,1759,540,11037,11/14/2024,Hypertension,Observation,3110,Yes
21020,1161,551,10725,12/7/2025,Arthritis,Surgery,4002,No
21021,1186,550,10673,5/23/2025,Heart Disease,Lifestyle Advice,4915,No
21022,1903,536,12280,1/20/2024,Hypertension,Physiotherapy,4421,No
21023,1143,579,10471,8/22/2024,Routine Checkup,Lifestyle Advice,3970,No
21024,1282,560,12687,8/19/2025,Flu,Lifestyle Advice,2939,No
21025,1907,518,12608,8/28/2025,Migraine,Physiotherapy,3174,No
21026,1640,520,12621,7/7/2025,Diabetes,Physiotherapy,4740,No
21027,1678,505,10602,12/15/2024,Skin Allergy,Medication,2625,No
21028,1027,518,11383,3/28/2025,Arthritis,Medication,3581,No
21029,1246,540,12303,8/8/2025,Routine Checkup,Surgery,2117,Yes
21030,1487,501,12650,5/23/2025,Arthritis,Surgery,3478,No
21031,1647,519,11539,9/18/2025,Infection,Surgery,3385,No
21032,1897,587,10280,2/26/2025,Fever,Medication,3201,No
21033,1202,526,12165,7/8/2024,Heart Disease,Lifestyle Advice,4614,Yes
21034,1021,529,12658,5/4/2024,Skin Allergy,Observation,3708,Yes
21035,1591,559,11186,1/6/2024,Arthritis,Observation,1151,No
21036,1670,563,12900,4/2/2025,Heart Disease,Physiotherapy,4804,Yes
21037,1094,598,11911,7/7/2025,Heart Disease,Medication,186,No
21038,1008,583,12014,7/23/2025,Back Pain,Physiotherapy,3197,No
21039,1472,562,12346,6/5/2025,Fever,Observation,4908,No
21040,1339,548,10916,3/29/2024,Fever,Physiotherapy,2539,Yes
21041,1259,562,11618,4/20/2024,Migraine,Medication,1377,No
21042,1055,518,11382,7/4/2025,Fever,Medication,619,No
21043,1911,566,11684,1/31/2025,Migraine,Medication,486,Yes
21044,1548,527,12566,11/9/2025,Arthritis,Observation,113,No
21045,1006,506,12426,1/11/2024,Diabetes,Medication,4286,No
21046,1377,570,10426,9/13/2025,Hypertension,Surgery,3575,No
21047,1554,559,11788,5/11/2025,Heart Disease,Surgery,3676,Yes
21048,1050,506,12585,1/16/2024,Arthritis,Medication,103,Yes
21049,1112,531,10553,2/2/2024,Routine Checkup,Surgery,3169,No
21050,1146,594,10169,5/3/2025,Arthritis,Medication,3390,No
21051,1230,556,10515,7/6/2024,Routine Checkup,Observation,3759,No
21052,1723,554,11707,7/24/2025,Diabetes,Surgery,4991,Yes
21053,1497,585,10430,4/2/2025,Arthritis,Observation,4038,Yes
21054,1306,541,12617,2/20/2024,Infection,Surgery,4411,No
21055,1542,518,12131,9/27/2024,Routine Checkup,Lifestyle Advice,1702,No
21056,1461,587,12378,4/8/2025,Back Pain,Lifestyle Advice,4899,No
21057,1807,523,10691,2/12/2024,Flu,Observation,4926,No
21058,1628,592,12505,6/22/2025,Heart Disease,Surgery,4073,Yes
21059,1908,536,10353,7/21/2025,Asthma,Lifestyle Advice,2642,No
21060,1226,525,12392,4/30/2024,Migraine,Medication,1742,Yes
21061,1059,507,11118,9/16/2025,Arthritis,Physiotherapy,1589,No
21062,1076,582,11406,11/11/2024,Infection,Lifestyle Advice,4158,No
21063,1428,520,12810,4/24/2024,Routine Checkup,Lifestyle Advice,3333,No
21064,1728,505,11319,9/12/2025,Asthma,Medication,1795,No
21065,1132,518,12246,3/29/2025,Arthritis,Lifestyle Advice,1486,Yes
21066,1932,533,10079,11/17/2025,Heart Disease,Lifestyle Advice,4892,Yes
21067,1498,579,10678,9/15/2025,Infection,Lifestyle Advice,1297,No
21068,1816,535,10551,9/3/2025,Fever,Surgery,2385,No
21069,1910,565,10820,6/3/2025,Skin Allergy,Lifestyle Advice,1087,No
21070,1593,563,10214,10/8/2025,Flu,Physiotherapy,4089,No
21071,1305,585,11667,12/2/2024,Asthma,Surgery,3059,No
21072,1067,572,10669,8/27/2024,Asthma,Surgery,1361,Yes
21073,1230,571,10989,1/20/2025,Routine Checkup,Observation,4825,Yes
21074,1983,541,10894,5/24/2024,Migraine,Lifestyle Advice,1355,Yes
21075,1333,550,10159,1/11/2025,Heart Disease,Physiotherapy,687,No
21076,1905,530,12787,1/4/2024,Asthma,Physiotherapy,1640,No
21077,1277,538,12605,11/23/2024,Routine Checkup,Observation,893,Yes
21078,1873,535,12249,7/15/2024,Heart Disease,Physiotherapy,4016,No
21079,1584,566,10022,1/23/2025,Infection,Surgery,2120,No
21080,1721,546,11765,10/1/2025,Flu,Medication,218,Yes
21081,1784,508,11930,9/17/2024,Asthma,Surgery,1313,No
21082,1144,568,11262,8/25/2025,Back Pain,Medication,713,No
21083,1251,537,11173,4/3/2024,Routine Checkup,Physiotherapy,4681,No
21084,1796,585,10785,9/13/2024,Diabetes,Lifestyle Advice,4517,No
21085,1691,513,11603,5/15/2024,Skin Allergy,Medication,4334,Yes
21086,1952,573,12055,6/8/2025,Asthma,Surgery,3573,No
21087,1080,545,11257,12/10/2025,Migraine,Surgery,3397,No
21088,1057,529,11893,5/12/2025,Fever,Surgery,1389,No
21089,1366,541,12852,6/26/2024,Routine Checkup,Surgery,2480,Yes
21090,1308,556,12816,4/21/2024,Heart Disease,Observation,323,Yes
21091,1174,588,10579,9/20/2024,Skin Allergy,Physiotherapy,4767,Yes
21092,1462,516,11101,2/17/2025,Routine Checkup,Lifestyle Advice,2923,Yes
21093,1750,512,10489,1/3/2025,Hypertension,Observation,3114,No
21094,1678,566,10926,8/13/2025,Asthma,Physiotherapy,2740,Yes
21095,1596,562,12135,1/12/2025,Hypertension,Medication,1086,No
21096,1493,519,11788,8/8/2025,Skin Allergy,Observation,1123,No
21097,1560,530,11991,1/17/2025,Arthritis,Observation,1643,No
21098,1639,516,10222,11/3/2025,Heart Disease,Observation,1372,Yes
21099,1681,588,12461,5/25/2025,Skin Allergy,Observation,1879,No
21100,1866,513,12632,12/13/2025,Routine Checkup,Medication,1800,Yes
21101,1374,569,12250,1/11/2025,Back Pain,Surgery,4030,Yes
21102,1955,523,12619,6/28/2025,Hypertension,Observation,2334,Yes
21103,1349,562,12269,3/13/2024,Back Pain,Physiotherapy,4444,No
21104,1067,531,12205,5/18/2025,Skin Allergy,Surgery,3298,Yes
21105,1330,553,11749,12/17/2024,Hypertension,Medication,3259,No
21106,1852,517,12177,12/10/2025,Heart Disease,Lifestyle Advice,4083,Yes
21107,1194,549,11267,11/20/2024,Hypertension,Medication,1123,No
21108,1155,549,11196,1/22/2025,Migraine,Lifestyle Advice,3939,No
21109,1160,567,11527,8/27/2024,Hypertension,Physiotherapy,925,No
21110,1696,526,11504,3/14/2024,Diabetes,Lifestyle Advice,2836,Yes
21111,1266,513,10877,1/31/2024,Arthritis,Observation,3506,No
21112,1168,538,12318,4/23/2025,Heart Disease,Surgery,2874,No
21113,1145,522,10163,1/14/2024,Infection,Surgery,4732,Yes
21114,1186,585,10955,12/17/2025,Asthma,Observation,591,No
21115,1886,529,10024,11/11/2024,Routine Checkup,Surgery,1959,No
21116,1865,545,12545,3/8/2024,Fever,Medication,2439,No
21117,1774,546,10193,10/1/2025,Infection,Observation,691,No
21118,1423,539,10878,6/21/2025,Diabetes,Observation,2834,Yes
21119,1786,569,10390,11/26/2025,Back Pain,Surgery,1592,Yes
21120,1457,578,12545,10/10/2025,Flu,Lifestyle Advice,1047,No
21121,1840,582,10964,10/17/2024,Arthritis,Physiotherapy,1675,Yes
21122,1345,568,12854,9/9/2025,Arthritis,Lifestyle Advice,782,No
21123,1735,597,12177,1/24/2024,Routine Checkup,Medication,728,No
21124,1554,539,12601,2/18/2025,Migraine,Observation,4788,No
21125,1516,520,12409,12/6/2025,Hypertension,Observation,4582,No
21126,1788,577,10765,11/11/2025,Routine Checkup,Medication,4847,No
21127,1796,600,11974,2/5/2024,Migraine,Physiotherapy,2340,Yes
21128,1936,568,11239,4/10/2024,Hypertension,Observation,3854,Yes
21129,1705,535,12335,6/29/2025,Skin Allergy,Lifestyle Advice,200,No
21130,1104,508,10768,2/8/2024,Back Pain,Medication,1193,No
21131,1247,552,12973,7/29/2024,Hypertension,Observation,2591,No
21132,1812,540,12417,8/14/2025,Back Pain,Lifestyle Advice,3872,No
21133,1023,536,11493,6/20/2024,Back Pain,Medication,532,No
21134,1953,506,10899,3/17/2025,Flu,Medication,636,No
21135,1815,586,11085,2/28/2024,Diabetes,Medication,700,Yes
21136,1525,570,12310,2/13/2025,Asthma,Physiotherapy,1766,No
21137,1144,600,10788,6/17/2025,Heart Disease,Medication,2855,No
21138,1730,573,10111,12/30/2024,Infection,Surgery,418,No
21139,1695,516,11853,1/1/2025,Migraine,Surgery,1962,Yes
21140,1863,546,12990,12/9/2024,Skin Allergy,Medication,3832,No
21141,1754,559,10141,10/22/2024,Infection,Observation,1627,No
21142,1193,538,10745,12/6/2024,Flu,Surgery,170,Yes
21143,1465,597,12583,8/28/2025,Heart Disease,Lifestyle Advice,543,No
21144,1784,518,10079,6/6/2025,Infection,Lifestyle Advice,4794,No
21145,1375,512,11518,9/20/2025,Flu,Observation,486,No
21146,1677,554,12557,9/21/2024,Hypertension,Lifestyle Advice,1969,No
21147,1692,591,10971,6/7/2025,Fever,Observation,4748,Yes
21148,1629,547,10066,10/27/2025,Heart Disease,Lifestyle Advice,2111,No
21149,1266,501,11534,2/7/2024,Heart Disease,Medication,3021,Yes
21150,1378,515,11395,5/10/2024,Skin Allergy,Lifestyle Advice,3451,No
21151,1550,591,10287,1/16/2025,Migraine,Medication,379,Yes
21152,1556,580,10123,8/12/2024,Arthritis,Lifestyle Advice,870,No
21153,1863,521,12603,5/22/2024,Flu,Lifestyle Advice,1053,Yes
21154,1074,501,11004,3/6/2025,Flu,Lifestyle Advice,4524,Yes
21155,1438,593,10004,1/23/2025,Skin Allergy,Medication,1659,No
21156,1881,567,11840,2/23/2024,Routine Checkup,Lifestyle Advice,2597,No
21157,1226,512,10412,1/24/2024,Hypertension,Lifestyle Advice,3546,No
21158,1819,528,10250,1/29/2025,Hypertension,Physiotherapy,3467,Yes
21159,1308,539,11511,9/24/2025,Fever,Medication,3647,No
21160,1966,537,11918,4/28/2024,Migraine,Surgery,2540,No
21161,1348,595,11357,11/3/2025,Diabetes,Observation,208,No
21162,1476,560,12501,8/8/2025,Asthma,Physiotherapy,4554,No
21163,1315,531,10158,7/3/2024,Skin Allergy,Lifestyle Advice,1055,Yes
21164,1525,558,11601,7/10/2024,Routine Checkup,Surgery,3460,Yes
21165,1425,597,12885,5/1/2025,Heart Disease,Surgery,3589,No
21166,1524,597,11611,9/24/2025,Infection,Lifestyle Advice,417,No
21167,1562,511,11464,12/21/2025,Asthma,Lifestyle Advice,440,No
21168,2000,529,10978,1/18/2025,Skin Allergy,Physiotherapy,4544,Yes
21169,1825,589,12383,12/11/2024,Asthma,Medication,2174,No
21170,1946,513,11262,4/17/2025,Infection,Physiotherapy,737,No
21171,1249,551,10153,11/6/2025,Heart Disease,Medication,4596,No
21172,1631,554,11630,1/3/2024,Flu,Surgery,4563,No
21173,1569,519,12797,2/19/2024,Skin Allergy,Observation,2490,Yes
21174,1182,558,12882,5/18/2025,Diabetes,Lifestyle Advice,4088,Yes
21175,1962,536,12856,7/29/2024,Infection,Physiotherapy,3293,No
21176,1776,528,12806,6/11/2025,Diabetes,Surgery,4036,No
21177,1106,568,11056,11/10/2025,Routine Checkup,Physiotherapy,4381,Yes
21178,1191,503,12580,10/9/2024,Asthma,Medication,2466,Yes
21179,1137,589,10053,1/13/2025,Hypertension,Lifestyle Advice,3102,No
21180,1700,541,12766,11/21/2024,Back Pain,Medication,4789,No
21181,1120,535,11755,10/24/2024,Hypertension,Medication,1665,No
21182,1754,593,11329,11/27/2025,Routine Checkup,Medication,892,No
21183,1831,593,12393,5/17/2024,Back Pain,Surgery,3804,No
21184,1072,576,10001,5/4/2024,Heart Disease,Lifestyle Advice,2500,No
21185,1755,599,10167,1/26/2025,Hypertension,Observation,454,Yes
21186,1131,584,12365,2/5/2025,Migraine,Physiotherapy,4301,No
21187,1457,581,10965,4/24/2025,Fever,Medication,3995,Yes
21188,1781,576,12946,2/4/2025,Arthritis,Lifestyle Advice,4613,No
21189,1905,550,11886,7/23/2025,Migraine,Physiotherapy,4117,No
21190,1479,600,10273,12/27/2024,Back Pain,Lifestyle Advice,4837,Yes
21191,1985,574,11693,3/6/2024,Back Pain,Physiotherapy,2352,Yes
21192,1052,582,12421,3/3/2025,Heart Disease,Lifestyle Advice,664,Yes
21193,1574,530,10900,12/14/2025,Back Pain,Observation,3553,No
21194,1119,572,12249,6/4/2025,Fever,Lifestyle Advice,1402,Yes
21195,1877,577,12188,3/7/2025,Fever,Lifestyle Advice,1850,No
21196,1264,595,12354,4/14/2024,Migraine,Medication,2690,No
21197,1239,570,11220,3/29/2024,Back Pain,Medication,357,No
21198,1351,554,10360,8/23/2025,Arthritis,Medication,1695,No
21199,1893,571,12355,1/6/2024,Back Pain,Lifestyle Advice,1146,No
21200,1255,585,12040,6/6/2024,Flu,Observation,2332,No
21201,1685,551,12381,1/13/2025,Skin Allergy,Physiotherapy,2694,Yes
21202,1309,528,10334,11/25/2024,Asthma,Medication,4177,Yes
21203,1749,564,12565,4/12/2024,Back Pain,Surgery,3684,No
21204,1831,585,10731,8/10/2024,Migraine,Lifestyle Advice,1740,No
21205,1607,521,12972,2/5/2025,Migraine,Observation,1811,Yes
21206,1849,588,12814,11/13/2025,Flu,Observation,148,No
21207,1495,527,11498,6/28/2025,Migraine,Medication,267,Yes
21208,1057,527,11418,5/23/2025,Skin Allergy,Medication,1953,No
21209,1950,577,11744,11/23/2025,Migraine,Surgery,3954,No
21210,1403,550,12833,7/2/2024,Infection,Surgery,3841,No
21211,1067,529,11601,3/27/2024,Diabetes,Medication,2168,No
21212,1046,539,11404,8/3/2025,Heart Disease,Physiotherapy,491,No
21213,1606,557,10021,1/14/2025,Back Pain,Medication,3050,No
21214,1650,592,11974,6/21/2025,Migraine,Medication,1549,No
21215,1369,537,10879,2/16/2025,Fever,Observation,328,No
21216,1605,593,10177,6/1/2025,Fever,Medication,3352,Yes
21217,1232,564,11387,11/24/2025,Back Pain,Medication,451,Yes
21218,1402,548,12070,10/21/2024,Flu,Medication,2372,Yes
21219,1908,522,12885,9/16/2024,Heart Disease,Physiotherapy,4137,No
21220,1561,600,12596,1/18/2025,Skin Allergy,Observation,333,Yes
21221,1023,530,12298,10/30/2024,Skin Allergy,Lifestyle Advice,365,Yes
21222,1574,528,10661,11/11/2024,Migraine,Lifestyle Advice,957,Yes
21223,1267,523,13000,12/19/2025,Fever,Lifestyle Advice,598,No
21224,1841,597,11200,3/17/2024,Routine Checkup,Lifestyle Advice,976,No
21225,1118,504,10126,11/10/2025,Migraine,Observation,2358,No
21226,1952,503,11270,1/13/2025,Arthritis,Medication,4294,Yes
21227,1600,561,10611,4/5/2025,Routine Checkup,Lifestyle Advice,1744,No
21228,1601,596,11295,2/25/2024,Migraine,Medication,2492,No
21229,1055,504,11010,3/21/2024,Migraine,Lifestyle Advice,3424,No
21230,1153,565,12092,11/9/2025,Hypertension,Physiotherapy,3051,No
21231,1239,512,11758,6/24/2024,Skin Allergy,Medication,4719,No
21232,1265,513,11965,1/17/2025,Arthritis,Observation,2747,No
21233,1268,534,10548,5/28/2024,Hypertension,Physiotherapy,2356,No
21234,1907,559,11192,10/7/2024,Asthma,Physiotherapy,1532,No
21235,1113,593,12483,12/10/2024,Arthritis,Observation,580,Yes
21236,1166,573,11054,2/12/2025,Asthma,Physiotherapy,3070,Yes
21237,1668,531,12842,12/18/2025,Migraine,Medication,1765,No
21238,1008,571,11621,1/30/2024,Infection,Surgery,428,No
21239,1714,513,12405,12/30/2025,Infection,Surgery,3354,No
21240,1217,554,11823,2/25/2025,Back Pain,Lifestyle Advice,516,No
21241,1431,502,11272,8/18/2024,Fever,Lifestyle Advice,2401,No
21242,1292,533,11720,12/24/2024,Infection,Medication,1044,Yes
21243,1893,550,10253,6/10/2024,Hypertension,Observation,2152,Yes
21244,1050,507,12833,12/29/2025,Back Pain,Medication,2450,No
21245,1107,518,12769,8/15/2024,Flu,Lifestyle Advice,1079,No
21246,1009,551,11560,8/8/2024,Back Pain,Physiotherapy,1756,No
21247,1745,508,10737,3/13/2024,Heart Disease,Medication,2754,No
21248,1700,555,12047,2/2/2025,Infection,Medication,1551,No
21249,1456,576,10900,4/4/2024,Fever,Observation,3111,No
21250,1323,543,11929,4/19/2025,Diabetes,Lifestyle Advice,2883,No
21251,1309,559,12171,4/4/2024,Infection,Medication,4103,No
21252,1850,530,11318,5/3/2024,Diabetes,Physiotherapy,1686,Yes
21253,1622,559,12733,5/14/2025,Fever,Physiotherapy,489,No
21254,1995,509,12191,9/12/2025,Migraine,Surgery,3828,No
21255,1145,592,11003,2/17/2024,Hypertension,Lifestyle Advice,949,No
21256,1740,568,12986,4/4/2024,Flu,Physiotherapy,918,No
21257,1821,539,11923,4/21/2025,Routine Checkup,Observation,3735,No
21258,1412,581,12559,2/2/2024,Fever,Lifestyle Advice,4207,No
21259,1114,511,11972,4/27/2024,Migraine,Physiotherapy,2754,Yes
21260,1575,502,12105,10/5/2025,Arthritis,Medication,4054,No
21261,1399,523,10042,9/7/2024,Heart Disease,Lifestyle Advice,4206,Yes
21262,1275,563,12869,10/29/2024,Arthritis,Physiotherapy,589,No
21263,1124,522,11848,5/1/2024,Hypertension,Medication,2419,No
21264,1086,561,10343,8/5/2024,Arthritis,Surgery,3028,No
21265,1582,526,10332,2/22/2024,Migraine,Lifestyle Advice,3263,No
21266,1047,512,11461,5/5/2024,Asthma,Lifestyle Advice,3034,Yes
21267,1711,532,10341,6/7/2024,Skin Allergy,Physiotherapy,1246,Yes
21268,1876,509,12389,11/1/2025,Skin Allergy,Surgery,2923,No
21269,1944,569,12897,8/23/2025,Arthritis,Observation,2605,No
21270,1201,590,12230,6/24/2024,Heart Disease,Physiotherapy,911,Yes
21271,1276,571,11701,10/18/2024,Arthritis,Physiotherapy,155,Yes
21272,1549,593,11288,6/7/2024,Arthritis,Observation,807,No
21273,1715,533,11234,5/5/2025,Migraine,Observation,1109,Yes
21274,1130,524,12571,12/22/2024,Fever,Observation,4218,Yes
21275,1448,589,12230,9/25/2025,Diabetes,Observation,3948,No
21276,1982,595,11468,8/24/2024,Fever,Observation,3416,No
21277,1804,593,12299,3/3/2025,Fever,Medication,4967,No
21278,1389,569,10138,5/4/2024,Back Pain,Medication,3589,No
21279,1576,538,12799,11/10/2024,Fever,Observation,4426,No
21280,1263,511,12502,10/5/2024,Flu,Surgery,4405,No
21281,1966,532,12931,8/26/2025,Flu,Surgery,1500,Yes
21282,1632,564,10087,4/14/2024,Fever,Observation,1293,Yes
21283,1278,572,11834,2/11/2024,Heart Disease,Medication,1597,Yes
21284,1714,520,12341,1/31/2025,Heart Disease,Surgery,1350,Yes
21285,1046,534,12140,10/2/2025,Routine Checkup,Medication,972,No
21286,1168,542,10208,4/4/2025,Arthritis,Physiotherapy,2510,No
21287,1445,508,12234,5/5/2025,Routine Checkup,Medication,3650,No
21288,1622,566,11851,7/18/2025,Flu,Observation,1678,No
21289,1046,521,11688,6/16/2024,Flu,Lifestyle Advice,574,No
21290,1724,579,12204,8/24/2025,Heart Disease,Observation,4390,No
21291,1540,570,12341,6/22/2024,Heart Disease,Physiotherapy,3666,Yes
21292,1087,505,12581,1/6/2025,Back Pain,Medication,4148,No
21293,1803,567,12209,8/21/2025,Back Pain,Surgery,4724,No
21294,1385,543,11509,5/29/2024,Flu,Observation,370,Yes
21295,1669,516,11527,9/5/2024,Skin Allergy,Surgery,3651,Yes
21296,1265,599,10851,9/18/2025,Heart Disease,Medication,4685,Yes
21297,1777,573,12204,6/28/2024,Fever,Physiotherapy,4557,No
21298,1022,535,12191,4/29/2024,Skin Allergy,Observation,3983,Yes
21299,1768,583,12610,1/28/2024,Migraine,Surgery,2719,No
21300,1703,543,12083,4/26/2024,Hypertension,Observation,1094,No
21301,1450,598,10224,12/3/2025,Flu,Observation,868,No
21302,1976,539,12716,10/18/2025,Hypertension,Surgery,644,No
21303,1232,510,12441,9/18/2024,Diabetes,Physiotherapy,1031,No
21304,1186,574,12456,10/15/2025,Routine Checkup,Observation,190,No
21305,1326,520,11412,9/17/2025,Routine Checkup,Physiotherapy,4433,No
21306,1183,501,11720,2/7/2024,Asthma,Physiotherapy,950,No
21307,1397,506,10297,7/15/2024,Heart Disease,Medication,3068,No
21308,1481,553,10323,6/8/2025,Back Pain,Surgery,4972,No
21309,1403,546,11878,9/15/2025,Asthma,Medication,3177,Yes
21310,1463,566,11512,3/12/2025,Infection,Lifestyle Advice,2759,No
21311,1417,538,12087,10/10/2025,Hypertension,Medication,733,Yes
21312,1202,533,10505,11/14/2025,Heart Disease,Observation,3328,Yes
21313,1065,567,12801,9/30/2025,Migraine,Observation,1324,Yes
21314,1956,600,11561,2/13/2025,Flu,Observation,1348,Yes
21315,1908,577,11366,11/28/2024,Skin Allergy,Lifestyle Advice,1082,No
21316,1555,535,12288,6/14/2025,Asthma,Physiotherapy,2610,No
21317,1733,579,10687,4/9/2025,Migraine,Observation,3950,No
21318,1017,545,12018,12/20/2025,Asthma,Medication,4858,Yes
21319,1836,522,11469,6/6/2024,Skin Allergy,Physiotherapy,4093,No
21320,1797,568,10740,6/8/2024,Asthma,Medication,1089,Yes
21321,1183,517,10997,11/29/2024,Flu,Medication,1716,No
21322,1391,505,12535,1/10/2025,Skin Allergy,Observation,524,No
21323,1044,585,12813,3/19/2024,Skin Allergy,Medication,1530,Yes
21324,1973,557,11435,7/15/2024,Back Pain,Lifestyle Advice,1735,No
21325,1901,588,11916,4/29/2024,Flu,Physiotherapy,4300,No
21326,1700,595,10623,10/12/2025,Routine Checkup,Observation,277,No
21327,1902,540,12784,8/13/2024,Flu,Observation,3876,No
21328,1482,530,10298,8/17/2025,Arthritis,Medication,819,No
21329,1263,542,11076,2/13/2025,Skin Allergy,Medication,3228,No
21330,1174,507,12781,6/21/2025,Flu,Surgery,4604,No
21331,1441,571,10304,10/1/2025,Asthma,Surgery,3101,No
21332,1566,591,11312,12/4/2024,Heart Disease,Observation,2889,No
21333,1220,588,10664,7/9/2025,Hypertension,Observation,753,Yes
21334,1558,519,12947,8/18/2025,Skin Allergy,Medication,2722,No
21335,1394,541,11142,6/20/2025,Heart Disease,Lifestyle Advice,3656,No
21336,1772,534,11993,8/7/2024,Fever,Lifestyle Advice,3492,No
21337,1195,522,12839,10/19/2024,Heart Disease,Medication,4503,No
21338,1409,552,12695,7/22/2024,Infection,Surgery,589,No
21339,1471,591,10209,12/5/2025,Flu,Surgery,1444,Yes
21340,1347,506,11317,5/28/2025,Arthritis,Lifestyle Advice,707,No
21341,1462,574,10519,7/20/2024,Infection,Observation,3691,No
21342,1061,595,12125,2/1/2024,Migraine,Medication,4219,No
21343,1166,525,10338,3/29/2024,Hypertension,Observation,852,No
21344,1672,566,12911,7/20/2024,Skin Allergy,Surgery,3148,No
21345,1151,510,11814,11/20/2025,Diabetes,Lifestyle Advice,4544,No
21346,1111,574,11870,12/5/2025,Skin Allergy,Observation,4220,Yes
21347,1488,526,10913,11/2/2025,Heart Disease,Surgery,3561,Yes
21348,1549,505,10807,10/19/2024,Heart Disease,Surgery,1114,Yes
21349,1003,586,11316,12/16/2025,Skin Allergy,Surgery,4794,Yes
21350,1483,568,11295,4/24/2024,Heart Disease,Observation,1868,No
21351,1013,598,10572,12/22/2025,Fever,Physiotherapy,4996,No
21352,1162,571,12472,8/9/2024,Migraine,Lifestyle Advice,1058,Yes
21353,1344,550,11680,6/30/2024,Routine Checkup,Surgery,1691,No
21354,1449,517,12721,4/13/2025,Migraine,Observation,3361,No
21355,1332,511,11040,3/1/2025,Migraine,Medication,2688,Yes
21356,1264,553,10926,7/5/2025,Back Pain,Lifestyle Advice,2638,No
21357,1083,550,11785,2/29/2024,Arthritis,Medication,890,No
21358,1777,508,10098,4/29/2025,Heart Disease,Medication,4367,Yes
21359,1924,592,11640,1/11/2024,Back Pain,Observation,4116,Yes
21360,1334,597,12348,9/23/2025,Routine Checkup,Physiotherapy,4494,No
21361,1380,562,10747,1/19/2025,Migraine,Observation,3198,No
21362,1219,589,11446,2/13/2025,Skin Allergy,Observation,747,No
21363,1658,585,11331,2/11/2024,Routine Checkup,Lifestyle Advice,4943,No
21364,1810,576,12322,12/2/2025,Heart Disease,Observation,1575,No
21365,1809,590,10261,5/2/2024,Routine Checkup,Lifestyle Advice,2160,No
21366,1454,529,11263,12/1/2025,Routine Checkup,Surgery,1223,Yes
21367,1673,599,10936,9/8/2024,Back Pain,Lifestyle Advice,715,No
21368,1741,544,11798,8/26/2025,Heart Disease,Observation,1384,No
21369,1746,545,10332,4/28/2025,Fever,Surgery,2425,Yes
21370,1089,529,10115,7/31/2024,Fever,Surgery,3237,No
21371,1333,588,10268,12/14/2025,Arthritis,Physiotherapy,3772,No
21372,1310,559,12060,9/24/2024,Flu,Observation,2955,No
21373,1727,515,10073,10/28/2025,Diabetes,Medication,1723,No
21374,1420,570,11016,12/7/2025,Migraine,Observation,3549,Yes
21375,1609,596,12922,6/23/2025,Flu,Medication,2803,Yes
21376,1725,544,12454,12/6/2025,Arthritis,Physiotherapy,1240,No
21377,1354,598,10178,9/10/2025,Hypertension,Observation,2930,No
21378,1824,536,12000,10/22/2025,Flu,Physiotherapy,598,No
21379,1100,584,10772,5/14/2024,Diabetes,Medication,4782,Yes
21380,1145,557,10946,5/12/2025,Routine Checkup,Lifestyle Advice,1203,No
21381,1010,564,10400,8/29/2025,Diabetes,Observation,3189,Yes
21382,1983,576,10270,5/5/2024,Skin Allergy,Surgery,1852,No
21383,1044,599,11856,12/24/2024,Heart Disease,Surgery,4114,Yes
21384,1763,538,11656,5/17/2025,Fever,Physiotherapy,713,No
21385,1386,517,12534,11/13/2024,Routine Checkup,Lifestyle Advice,3147,No
21386,1739,527,10059,1/12/2024,Routine Checkup,Surgery,743,No
21387,1910,517,12690,4/21/2025,Flu,Surgery,2968,No
21388,1761,563,10887,10/20/2024,Back Pain,Observation,4253,No
21389,1495,511,10266,3/15/2025,Flu,Surgery,1235,No
21390,1493,564,12123,5/30/2025,Diabetes,Medication,4792,No
21391,1169,539,12023,1/25/2025,Diabetes,Physiotherapy,3799,No
21392,1642,502,10505,11/11/2024,Arthritis,Surgery,2462,No
21393,1531,566,12405,11/10/2025,Routine Checkup,Observation,261,No
21394,1336,554,12202,1/8/2024,Diabetes,Medication,1921,No
21395,1747,529,11924,5/22/2025,Flu,Surgery,4519,Yes
21396,1857,545,10486,5/3/2024,Arthritis,Physiotherapy,2865,No
21397,1513,588,11564,1/6/2025,Asthma,Physiotherapy,3502,No
21398,1130,588,11154,11/9/2024,Arthritis,Physiotherapy,2727,No
21399,1539,580,10066,7/3/2024,Migraine,Surgery,4093,No
21400,1514,531,12428,6/30/2025,Diabetes,Medication,4955,No
21401,1250,549,11337,8/7/2025,Skin Allergy,Lifestyle Advice,4697,No
21402,1734,509,10407,6/8/2025,Heart Disease,Physiotherapy,156,Yes
21403,1947,527,10277,2/8/2024,Back Pain,Medication,3337,No
21404,1138,556,12663,3/24/2024,Migraine,Observation,2444,No
21405,1275,578,12362,1/21/2024,Migraine,Observation,719,No
21406,1464,545,12597,9/9/2024,Back Pain,Medication,4974,No
21407,1141,589,11273,10/29/2024,Migraine,Observation,4974,No
21408,1944,543,11969,9/14/2024,Heart Disease,Observation,2713,Yes
21409,1256,522,10461,6/25/2025,Migraine,Physiotherapy,4361,No
21410,1882,599,12447,10/1/2025,Flu,Surgery,2935,No
21411,1824,533,12499,7/5/2025,Infection,Surgery,765,Yes
21412,1456,527,12519,4/5/2025,Migraine,Surgery,227,Yes
21413,1952,540,11668,8/31/2025,Back Pain,Surgery,3657,No
21414,1434,526,11583,8/11/2024,Infection,Medication,4271,Yes
21415,1607,583,10956,4/1/2024,Flu,Physiotherapy,734,Yes
21416,1173,545,10707,10/6/2024,Asthma,Medication,3708,No
21417,1473,545,10103,6/18/2024,Back Pain,Observation,3789,No
21418,1955,526,12376,9/20/2025,Flu,Physiotherapy,4810,No
21419,1423,570,12649,9/4/2024,Heart Disease,Lifestyle Advice,1085,No
21420,1917,567,12294,12/26/2024,Migraine,Surgery,2673,No
21421,1439,506,12153,12/14/2024,Migraine,Observation,1256,No
21422,1057,528,12740,3/10/2025,Diabetes,Surgery,4636,No
21423,1498,567,10972,2/9/2025,Migraine,Surgery,3968,No
21424,1614,513,11326,8/23/2025,Routine Checkup,Surgery,343,No
21425,1169,563,10153,3/18/2024,Flu,Lifestyle Advice,867,No
21426,1989,513,10957,4/2/2025,Routine Checkup,Observation,3317,No
21427,1582,577,11130,8/8/2025,Routine Checkup,Surgery,514,No
21428,1850,501,10730,1/26/2025,Asthma,Surgery,3383,No
21429,1561,540,10074,1/14/2024,Arthritis,Physiotherapy,4444,No
21430,1428,537,10856,2/14/2024,Migraine,Surgery,3206,No
21431,1419,531,12333,2/7/2024,Asthma,Physiotherapy,2986,Yes
21432,1347,517,11574,2/19/2025,Heart Disease,Observation,961,No
21433,1517,509,10280,9/1/2024,Flu,Observation,3457,No
21434,1455,564,10787,3/2/2024,Routine Checkup,Observation,4033,No
21435,1714,557,10686,5/7/2025,Back Pain,Physiotherapy,3864,No
21436,1202,513,11580,8/30/2025,Fever,Lifestyle Advice,309,No
21437,1179,537,10969,11/18/2024,Heart Disease,Lifestyle Advice,2257,No
21438,1057,514,12339,9/8/2024,Migraine,Surgery,2477,No
21439,1698,575,12034,4/12/2025,Diabetes,Observation,2289,No
21440,1604,525,12980,3/1/2024,Infection,Medication,775,No
21441,1804,595,11166,4/28/2024,Asthma,Surgery,1455,No
21442,1906,578,10768,3/27/2024,Migraine,Lifestyle Advice,125,Yes
21443,1946,557,12360,8/17/2025,Arthritis,Lifestyle Advice,2793,No
21444,1995,571,10646,3/20/2024,Arthritis,Observation,1750,No
21445,1501,588,10026,8/15/2024,Heart Disease,Physiotherapy,3058,Yes
21446,1739,600,11935,4/27/2025,Arthritis,Surgery,4557,No
21447,1933,542,12303,9/14/2025,Fever,Physiotherapy,1782,No
21448,1112,542,11759,11/5/2024,Skin Allergy,Lifestyle Advice,4555,No
21449,1148,547,11080,8/5/2025,Fever,Observation,2066,Yes
21450,1781,544,12341,4/29/2025,Arthritis,Lifestyle Advice,3386,Yes
21451,1715,541,10637,1/25/2024,Heart Disease,Observation,1095,Yes
21452,1378,503,10230,7/20/2024,Diabetes,Medication,176,No
21453,1877,590,12101,8/12/2024,Flu,Physiotherapy,2242,Yes
21454,1915,590,10101,5/24/2025,Skin Allergy,Surgery,1056,Yes
21455,1348,501,11491,9/20/2025,Routine Checkup,Observation,3144,No
21456,1358,579,10804,8/1/2025,Back Pain,Medication,317,No
21457,1056,511,10869,7/12/2025,Fever,Medication,4046,Yes
21458,1813,507,12315,11/20/2025,Routine Checkup,Physiotherapy,2515,Yes
21459,1316,512,11819,6/3/2025,Flu,Observation,3445,Yes
21460,1964,538,10002,7/1/2024,Hypertension,Surgery,1567,Yes
21461,1185,554,10022,3/17/2024,Back Pain,Surgery,4882,Yes
21462,1054,567,12626,3/1/2025,Diabetes,Surgery,2972,No
21463,1037,553,12260,3/7/2024,Routine Checkup,Lifestyle Advice,132,No
21464,1723,590,11904,10/21/2025,Heart Disease,Lifestyle Advice,3019,Yes
21465,1805,594,12577,5/8/2025,Skin Allergy,Observation,3587,No
21466,1270,532,12436,11/15/2025,Heart Disease,Surgery,524,No
21467,1863,600,10014,6/30/2025,Diabetes,Medication,4982,Yes
21468,1732,545,10519,3/17/2024,Arthritis,Surgery,3178,Yes
21469,1508,551,11936,11/27/2025,Diabetes,Observation,4934,No
21470,1228,537,10616,2/24/2024,Migraine,Surgery,4962,No
21471,1428,559,10962,8/28/2025,Skin Allergy,Physiotherapy,1917,Yes
21472,1870,554,12451,4/17/2025,Hypertension,Surgery,4026,Yes
21473,1723,518,10287,10/17/2025,Fever,Medication,4118,No
21474,1810,501,12432,9/3/2024,Migraine,Observation,4394,No
21475,1001,521,11924,3/14/2025,Arthritis,Observation,814,No
21476,1023,528,11115,12/12/2025,Routine Checkup,Medication,3307,No
21477,1503,516,10826,11/9/2024,Back Pain,Observation,4080,Yes
21478,1448,548,12360,11/15/2024,Migraine,Surgery,4483,Yes
21479,1796,528,12774,8/7/2024,Arthritis,Observation,2124,No
21480,1496,522,12091,1/5/2025,Routine Checkup,Surgery,3973,No
21481,1900,583,11098,8/3/2024,Skin Allergy,Observation,3829,Yes
21482,1425,501,12802,2/18/2024,Migraine,Surgery,2714,No
21483,1700,595,10993,4/7/2025,Arthritis,Surgery,910,No
21484,1018,542,11585,4/27/2024,Fever,Medication,2555,Yes
21485,1959,598,11904,3/22/2024,Asthma,Medication,2130,No
21486,1445,570,10876,9/19/2024,Routine Checkup,Lifestyle Advice,1885,No
21487,1561,592,10734,8/11/2025,Routine Checkup,Medication,2072,No
21488,1559,503,11886,12/23/2025,Infection,Surgery,816,No
21489,1627,595,10144,5/10/2025,Heart Disease,Surgery,924,Yes
21490,1039,580,12257,9/25/2025,Migraine,Observation,1827,No
21491,1729,581,11123,8/24/2025,Skin Allergy,Observation,2332,No
21492,1210,544,10700,11/3/2025,Arthritis,Lifestyle Advice,862,Yes
21493,1774,527,10114,6/24/2024,Skin Allergy,Surgery,121,No
21494,1211,551,12223,3/29/2024,Arthritis,Lifestyle Advice,2359,Yes
21495,1565,524,10271,9/30/2025,Routine Checkup,Surgery,4661,Yes
21496,1972,520,10063,12/24/2024,Hypertension,Medication,3405,No
21497,1281,532,11008,10/12/2024,Skin Allergy,Observation,4367,Yes
21498,1867,599,12844,10/23/2024,Flu,Lifestyle Advice,4992,No
21499,1833,513,11428,9/16/2024,Skin Allergy,Physiotherapy,1641,No
21500,1133,543,12273,4/19/2025,Migraine,Surgery,4439,Yes
21501,1449,520,11983,9/14/2025,Migraine,Medication,520,No
21502,1264,502,12209,6/19/2025,Routine Checkup,Physiotherapy,3644,No
21503,1807,568,12429,7/15/2025,Asthma,Medication,4536,No
21504,1111,591,10318,2/6/2024,Back Pain,Medication,2083,No
21505,1555,560,12756,6/29/2024,Asthma,Surgery,222,No
21506,1850,589,12504,1/25/2024,Hypertension,Medication,533,Yes
21507,1238,504,11293,12/14/2024,Asthma,Lifestyle Advice,4265,Yes
21508,1891,596,12392,9/28/2025,Fever,Physiotherapy,4846,No
21509,1457,517,11064,6/26/2025,Heart Disease,Medication,3582,Yes
21510,1901,501,10414,8/14/2024,Flu,Medication,2984,No
21511,1759,533,11246,12/13/2024,Heart Disease,Observation,2738,No
21512,1516,530,11305,2/7/2024,Heart Disease,Observation,3977,Yes
21513,1876,505,10225,1/17/2025,Hypertension,Lifestyle Advice,1715,Yes
21514,1861,512,11481,7/23/2025,Infection,Observation,3908,Yes
21515,1897,532,11178,8/23/2024,Migraine,Medication,326,No
21516,1862,538,12328,6/29/2024,Asthma,Medication,635,No
21517,1824,517,11377,4/23/2024,Routine Checkup,Physiotherapy,1222,Yes
21518,1173,558,12777,11/1/2024,Migraine,Observation,4465,Yes
21519,1193,540,10621,5/11/2024,Asthma,Surgery,3634,No
21520,1515,596,12621,12/13/2024,Heart Disease,Observation,758,Yes
21521,1790,524,12537,6/28/2024,Infection,Medication,3207,No
21522,1968,512,11008,2/18/2025,Migraine,Physiotherapy,2421,No
21523,1568,595,11969,8/12/2025,Fever,Observation,1266,Yes
21524,1786,519,12985,10/15/2025,Diabetes,Physiotherapy,2071,No
21525,1409,529,11222,1/19/2025,Migraine,Observation,116,No
21526,1688,585,11300,5/26/2025,Back Pain,Lifestyle Advice,2003,Yes
21527,1628,590,11196,2/12/2024,Diabetes,Medication,1712,Yes
21528,1084,552,12832,4/24/2025,Skin Allergy,Medication,3806,No
21529,1671,592,10508,4/27/2024,Fever,Surgery,535,No
21530,1798,517,10405,7/24/2025,Flu,Medication,4171,Yes
21531,1080,573,11295,3/1/2024,Arthritis,Surgery,3555,Yes
21532,1578,521,11959,7/6/2025,Diabetes,Medication,2104,Yes
21533,1209,560,12820,7/6/2024,Heart Disease,Observation,2833,Yes
21534,1522,598,10664,3/28/2025,Asthma,Observation,362,No
21535,1199,575,12179,7/5/2024,Routine Checkup,Lifestyle Advice,2541,Yes
21536,1571,520,11650,4/8/2025,Flu,Observation,907,No
21537,1234,553,11409,6/12/2024,Infection,Physiotherapy,2612,Yes
21538,1819,580,11758,2/27/2025,Fever,Observation,457,No
21539,1244,563,11874,4/11/2024,Routine Checkup,Surgery,2501,No
21540,1891,557,11320,9/23/2024,Routine Checkup,Lifestyle Advice,1374,No
21541,1393,529,11407,9/27/2025,Migraine,Physiotherapy,4571,Yes
21542,1566,501,11419,6/1/2024,Skin Allergy,Physiotherapy,1088,Yes
21543,1446,582,11578,3/4/2025,Infection,Medication,117,Yes
21544,1849,559,11284,11/21/2025,Arthritis,Surgery,1838,No
21545,1393,564,10281,3/2/2025,Skin Allergy,Observation,2863,Yes
21546,1009,586,12468,7/31/2025,Back Pain,Observation,3097,Yes
21547,1613,572,11216,9/2/2025,Back Pain,Medication,1013,No
21548,1920,571,10637,6/19/2025,Hypertension,Observation,665,Yes
21549,1807,589,11452,11/28/2024,Fever,Physiotherapy,3012,No
21550,1715,594,10808,11/7/2025,Migraine,Observation,1452,No
21551,1904,598,12396,3/15/2025,Arthritis,Observation,1571,No
21552,1153,544,10429,8/28/2025,Asthma,Physiotherapy,3263,No
21553,1110,548,11416,5/3/2024,Arthritis,Surgery,711,Yes
21554,1834,575,12595,10/28/2024,Infection,Surgery,1162,Yes
21555,1266,515,12988,10/29/2025,Flu,Physiotherapy,535,Yes
21556,1373,535,12450,12/14/2024,Hypertension,Physiotherapy,747,Yes
21557,1152,523,10665,9/5/2024,Arthritis,Lifestyle Advice,2509,Yes
21558,1976,553,10750,9/27/2024,Back Pain,Lifestyle Advice,4117,No
21559,1595,545,10637,3/4/2025,Asthma,Observation,2709,Yes
21560,1955,585,12927,7/23/2025,Diabetes,Observation,182,Yes
21561,1415,592,12135,12/7/2025,Flu,Lifestyle Advice,1889,No
21562,1907,513,10515,12/13/2025,Migraine,Observation,1150,Yes
21563,1646,534,11004,8/6/2025,Flu,Surgery,3938,No
21564,1326,538,12909,9/3/2024,Migraine,Surgery,4216,Yes
21565,1672,570,11321,4/25/2025,Infection,Medication,2841,No
21566,1551,568,12964,4/7/2024,Flu,Lifestyle Advice,897,No
21567,1176,505,12499,11/24/2024,Back Pain,Surgery,2626,No
21568,1525,540,11367,8/15/2025,Asthma,Medication,4851,Yes
21569,1315,570,10341,2/28/2025,Asthma,Physiotherapy,862,No
21570,1067,521,11485,7/30/2025,Hypertension,Surgery,717,Yes
21571,1952,528,11416,2/27/2025,Back Pain,Medication,3980,No
21572,1760,503,11561,1/5/2024,Infection,Observation,4906,No
21573,1553,523,11575,4/3/2025,Migraine,Medication,4532,No
21574,1184,572,12469,8/15/2025,Fever,Surgery,3963,No
21575,1035,519,12429,5/12/2025,Hypertension,Observation,3786,Yes
21576,1934,575,12053,3/27/2024,Fever,Observation,867,No
21577,1505,550,12696,2/5/2025,Migraine,Medication,3285,No
21578,1849,574,12028,10/19/2024,Back Pain,Medication,1120,Yes
21579,1963,558,10316,10/7/2024,Arthritis,Surgery,3593,No
21580,1802,592,11846,7/15/2024,Heart Disease,Observation,1177,No
21581,1076,520,11102,3/23/2024,Asthma,Lifestyle Advice,3359,No
21582,1472,592,10531,1/27/2024,Back Pain,Medication,3710,No
21583,1582,593,12403,11/24/2025,Flu,Lifestyle Advice,1875,Yes
21584,1746,572,11860,5/14/2024,Arthritis,Lifestyle Advice,2978,Yes
21585,1523,583,10662,3/30/2024,Fever,Observation,1990,Yes
21586,1880,553,11296,7/24/2024,Skin Allergy,Surgery,1726,No
21587,1283,585,11220,1/27/2024,Heart Disease,Lifestyle Advice,3718,No
21588,1816,582,10127,1/12/2025,Arthritis,Surgery,4384,No
21589,1536,509,10349,7/24/2025,Routine Checkup,Medication,1671,No
21590,1274,504,11767,8/6/2025,Infection,Observation,3775,Yes
21591,1539,541,11068,2/18/2025,Flu,Physiotherapy,1691,No
21592,1054,525,12790,8/14/2024,Routine Checkup,Observation,2726,No
21593,1055,534,10728,8/25/2025,Arthritis,Physiotherapy,1292,No
21594,1888,573,10244,3/8/2024,Infection,Medication,4873,No
21595,1745,509,12057,12/27/2024,Heart Disease,Surgery,4347,No
21596,1277,582,11786,9/16/2024,Migraine,Medication,1228,No
21597,1443,575,10712,10/19/2025,Heart Disease,Observation,3538,No
21598,1883,513,12894,3/3/2024,Routine Checkup,Physiotherapy,1215,No
21599,1418,509,10086,11/22/2025,Skin Allergy,Physiotherapy,4908,No
21600,1632,580,11509,9/14/2025,Skin Allergy,Observation,5000,No
21601,1225,504,10271,12/3/2025,Infection,Observation,2008,Yes
21602,1570,534,11798,1/26/2025,Flu,Medication,4627,No
21603,1255,507,12561,9/2/2024,Hypertension,Lifestyle Advice,3852,Yes
21604,1176,515,11044,10/4/2024,Infection,Physiotherapy,1428,Yes
21605,1566,538,12178,12/12/2024,Arthritis,Observation,4223,Yes
21606,1146,575,10838,1/6/2025,Fever,Medication,1411,Yes
21607,1771,596,12818,5/2/2024,Flu,Lifestyle Advice,4550,Yes
21608,1664,591,12900,2/26/2024,Migraine,Surgery,4138,No
21609,1385,594,11777,6/8/2024,Migraine,Observation,1962,No
21610,1262,552,10937,5/6/2024,Hypertension,Lifestyle Advice,2104,Yes
21611,1531,581,11334,8/29/2025,Arthritis,Surgery,3715,No
21612,1854,600,11833,11/6/2024,Arthritis,Surgery,2825,Yes
21613,1371,583,11651,6/1/2025,Diabetes,Medication,2283,Yes
21614,1683,507,12949,9/21/2024,Routine Checkup,Physiotherapy,253,No
21615,1891,545,12521,10/14/2024,Flu,Observation,915,No
21616,1904,559,12386,2/23/2025,Fever,Lifestyle Advice,1219,Yes
21617,1197,521,10319,6/11/2025,Diabetes,Surgery,3368,Yes
21618,1948,528,11537,5/19/2024,Heart Disease,Physiotherapy,2255,Yes
21619,1585,503,11049,12/7/2025,Diabetes,Surgery,1309,No
21620,1815,514,12769,11/28/2025,Diabetes,Observation,553,Yes
21621,1597,502,10143,4/19/2025,Asthma,Observation,1206,No
21622,1284,529,11733,9/28/2025,Asthma,Medication,2896,No
21623,1302,518,12705,6/12/2025,Diabetes,Observation,4644,No
21624,1132,537,11173,1/23/2025,Asthma,Observation,4516,No
21625,1120,545,11717,5/25/2025,Skin Allergy,Observation,4473,No
21626,1728,545,12519,6/21/2025,Asthma,Physiotherapy,2759,No
21627,1136,524,10363,7/31/2024,Back Pain,Lifestyle Advice,1137,No
21628,1628,546,10650,5/27/2025,Migraine,Lifestyle Advice,3433,Yes
21629,1573,512,12257,9/21/2024,Back Pain,Observation,513,No
21630,1529,553,10549,12/8/2024,Routine Checkup,Lifestyle Advice,2641,Yes
21631,1034,545,11136,2/7/2024,Flu,Observation,4242,No
21632,1532,532,10263,8/20/2024,Diabetes,Lifestyle Advice,2039,Yes
21633,1208,518,11202,9/16/2024,Migraine,Lifestyle Advice,755,Yes
21634,1970,513,10766,11/3/2024,Skin Allergy,Surgery,4144,Yes
21635,1674,504,12049,2/6/2025,Diabetes,Physiotherapy,2579,No
21636,1299,523,12196,9/17/2024,Routine Checkup,Surgery,3961,Yes
21637,1522,562,10876,4/20/2025,Flu,Surgery,1447,Yes
21638,1094,554,11860,4/15/2024,Infection,Lifestyle Advice,1416,Yes
21639,1414,574,11153,9/3/2024,Hypertension,Medication,3706,Yes
21640,1371,555,12561,10/30/2024,Flu,Medication,3938,No
21641,1409,569,11923,12/8/2024,Infection,Physiotherapy,4158,No
21642,1383,540,10629,3/22/2025,Migraine,Observation,415,Yes
21643,1441,514,11526,2/7/2024,Flu,Lifestyle Advice,320,No
21644,1878,598,11725,2/15/2024,Diabetes,Physiotherapy,2361,No
21645,1447,528,10653,12/22/2025,Routine Checkup,Surgery,944,No
21646,1619,572,12037,8/27/2025,Asthma,Lifestyle Advice,1614,No
21647,1617,580,11129,8/7/2024,Back Pain,Surgery,1208,Yes
21648,1071,595,10466,9/12/2024,Skin Allergy,Physiotherapy,1830,No
21649,1943,571,10764,5/16/2024,Fever,Medication,3285,No
21650,1084,567,11020,8/18/2024,Migraine,Physiotherapy,1338,No
21651,1209,529,10929,12/14/2025,Heart Disease,Lifestyle Advice,3024,No
21652,1259,600,12842,7/31/2025,Skin Allergy,Lifestyle Advice,1290,Yes
21653,1239,561,12948,2/7/2024,Arthritis,Observation,4482,Yes
21654,1302,568,11382,6/3/2024,Migraine,Medication,3666,No
21655,1232,509,10675,5/17/2025,Fever,Lifestyle Advice,2531,Yes
21656,1932,517,11009,4/14/2024,Infection,Medication,2994,No
21657,1282,549,11227,9/11/2024,Hypertension,Lifestyle Advice,1556,No
21658,1394,563,11636,2/7/2025,Heart Disease,Medication,1209,No
21659,1418,584,10281,5/2/2025,Routine Checkup,Physiotherapy,2030,Yes
21660,1206,578,12964,4/2/2025,Back Pain,Medication,3216,Yes
21661,1264,546,11281,6/11/2025,Fever,Surgery,722,Yes
21662,1311,593,10324,8/13/2025,Skin Allergy,Physiotherapy,2437,Yes
21663,1859,513,12839,6/8/2025,Diabetes,Lifestyle Advice,2030,Yes
21664,1906,600,11686,1/4/2025,Flu,Lifestyle Advice,2844,Yes
21665,1697,545,11086,4/11/2024,Diabetes,Observation,1358,Yes
21666,1626,553,12235,10/25/2025,Routine Checkup,Surgery,4601,Yes
21667,1079,517,12963,11/20/2025,Hypertension,Observation,2068,No
21668,1869,547,10542,8/21/2025,Diabetes,Physiotherapy,3395,No
21669,1342,562,12945,8/22/2025,Migraine,Observation,2123,Yes
21670,1813,550,11328,6/24/2025,Hypertension,Physiotherapy,976,Yes
21671,1562,543,11811,5/26/2025,Diabetes,Observation,2344,No
21672,1832,568,10639,1/23/2025,Diabetes,Medication,2626,Yes
21673,1095,584,10436,12/28/2024,Hypertension,Physiotherapy,3689,No
21674,1770,575,12261,9/3/2025,Arthritis,Physiotherapy,4503,No
21675,1941,586,11430,4/24/2024,Hypertension,Medication,444,Yes
21676,1351,572,12866,12/22/2025,Routine Checkup,Medication,3772,No
21677,1062,528,10962,12/8/2024,Routine Checkup,Surgery,3168,No
21678,1142,545,11158,3/14/2024,Infection,Medication,2013,No
21679,1842,541,10917,5/14/2024,Hypertension,Observation,2545,Yes
21680,1734,594,12963,8/12/2025,Flu,Medication,884,No
21681,1868,597,12469,1/14/2025,Asthma,Medication,1587,No
21682,1111,597,12367,5/4/2025,Flu,Physiotherapy,4991,No
21683,1616,536,12236,5/4/2024,Routine Checkup,Physiotherapy,3948,No
21684,1527,591,11500,2/7/2024,Routine Checkup,Medication,549,No
21685,1782,584,12210,11/5/2024,Flu,Surgery,1527,No
21686,1671,533,10129,4/15/2024,Routine Checkup,Physiotherapy,2695,Yes
21687,1157,525,10304,7/9/2025,Hypertension,Observation,2376,No
21688,1539,519,10917,8/12/2024,Skin Allergy,Observation,343,No
21689,1597,547,11186,8/29/2024,Back Pain,Medication,2212,No
21690,1009,585,10922,1/31/2025,Routine Checkup,Medication,3408,No
21691,1276,533,11060,6/1/2024,Flu,Surgery,1045,No
21692,1227,567,11251,6/19/2025,Back Pain,Medication,1126,No
21693,1186,514,12199,9/27/2025,Flu,Lifestyle Advice,1623,Yes
21694,1591,579,10593,2/5/2025,Migraine,Lifestyle Advice,3208,No
21695,1216,533,12095,5/25/2024,Heart Disease,Medication,3792,Yes
21696,1433,542,10940,7/9/2024,Skin Allergy,Lifestyle Advice,3149,No
21697,1569,586,12708,11/7/2025,Back Pain,Observation,3421,No
21698,1656,565,12279,8/5/2025,Back Pain,Medication,3406,No
21699,1356,595,11563,7/19/2024,Migraine,Observation,4338,No
21700,1843,547,11002,1/12/2024,Skin Allergy,Observation,160,No
21701,1392,535,12213,2/21/2024,Arthritis,Lifestyle Advice,4274,Yes
21702,1579,584,12772,10/28/2024,Routine Checkup,Surgery,3498,No
21703,1275,532,12868,10/26/2024,Routine Checkup,Observation,2514,No
21704,1494,555,11611,6/4/2025,Fever,Lifestyle Advice,3878,No
21705,1617,554,11628,5/19/2024,Heart Disease,Surgery,3706,No
21706,1451,576,11598,4/9/2024,Arthritis,Lifestyle Advice,489,No
21707,1420,551,11104,4/29/2025,Flu,Lifestyle Advice,4716,Yes
21708,1985,580,12188,5/16/2024,Hypertension,Medication,1775,No
21709,1700,559,12448,12/31/2024,Routine Checkup,Physiotherapy,1877,Yes
21710,1164,572,11956,6/17/2025,Fever,Surgery,352,Yes
21711,1779,514,10130,5/21/2025,Flu,Lifestyle Advice,3266,No
21712,1563,518,12814,10/18/2025,Migraine,Observation,1814,No
21713,1638,555,12494,6/9/2024,Migraine,Observation,2150,Yes
21714,1592,594,10029,6/23/2024,Hypertension,Physiotherapy,795,No
21715,1183,597,11226,3/28/2024,Infection,Surgery,2193,No
21716,1310,598,11261,2/2/2025,Heart Disease,Medication,4848,No
21717,1017,556,11632,4/24/2025,Routine Checkup,Surgery,2672,No
21718,1446,549,10799,6/28/2025,Diabetes,Observation,1605,Yes
21719,1170,598,11363,4/21/2025,Skin Allergy,Observation,3768,No
21720,1280,560,11423,10/9/2024,Migraine,Medication,4613,No
21721,1913,553,12337,3/27/2025,Arthritis,Medication,2843,No
21722,1816,571,10100,9/15/2025,Flu,Observation,4754,No
21723,1340,506,11940,3/22/2024,Infection,Lifestyle Advice,3377,Yes
21724,1726,570,10422,7/31/2024,Skin Allergy,Lifestyle Advice,1398,Yes
21725,1710,586,12691,6/3/2025,Skin Allergy,Medication,4790,Yes
21726,1519,508,10694,5/13/2024,Arthritis,Lifestyle Advice,3350,No
21727,1910,515,10706,3/22/2025,Infection,Medication,3014,No
21728,1011,526,10018,4/27/2024,Migraine,Surgery,3968,No
21729,1524,539,12519,8/18/2025,Migraine,Surgery,2364,Yes
21730,1622,503,12771,8/30/2024,Back Pain,Surgery,3892,No
21731,1133,557,11031,5/29/2024,Infection,Medication,2980,No
21732,1901,510,12467,6/16/2025,Asthma,Medication,2953,Yes
21733,1640,503,10380,10/7/2025,Back Pain,Lifestyle Advice,3807,No
21734,1148,594,12556,1/13/2025,Infection,Lifestyle Advice,2928,Yes
21735,1566,546,10114,8/30/2025,Routine Checkup,Lifestyle Advice,315,Yes
21736,1823,522,12900,6/8/2025,Back Pain,Physiotherapy,4665,Yes
21737,1954,567,12559,5/27/2025,Migraine,Medication,279,No
21738,1079,565,11620,10/23/2025,Hypertension,Surgery,2786,Yes
21739,1346,597,10851,4/26/2024,Hypertension,Surgery,476,No
21740,1609,519,11897,10/25/2025,Back Pain,Physiotherapy,2828,No
21741,1249,600,10976,7/29/2025,Back Pain,Physiotherapy,1927,No
21742,1639,562,12662,10/23/2025,Fever,Surgery,3326,Yes
21743,1542,598,12517,11/12/2024,Asthma,Medication,2427,No
21744,1024,557,10093,1/12/2024,Asthma,Surgery,1602,No
21745,1471,595,11516,3/30/2024,Hypertension,Surgery,852,No
21746,1201,588,11126,1/22/2025,Hypertension,Physiotherapy,3269,No
21747,1131,576,10493,3/23/2024,Heart Disease,Physiotherapy,349,Yes
21748,1634,513,12811,1/30/2025,Routine Checkup,Lifestyle Advice,2920,No
21749,1356,516,11509,6/28/2025,Diabetes,Physiotherapy,4836,No
21750,1944,516,12527,10/22/2025,Hypertension,Surgery,989,No
21751,1839,552,12925,10/1/2025,Infection,Lifestyle Advice,4966,Yes
21752,1150,584,12036,4/9/2024,Skin Allergy,Surgery,4102,Yes
21753,1526,541,10167,4/1/2025,Diabetes,Medication,3823,Yes
21754,1304,548,10140,11/23/2024,Diabetes,Medication,3186,No
21755,1541,591,10094,12/24/2025,Back Pain,Physiotherapy,2843,Yes
21756,1050,539,10576,3/14/2024,Hypertension,Lifestyle Advice,4676,Yes
21757,1464,513,10606,4/5/2024,Infection,Observation,1856,No
21758,1240,504,11819,4/1/2024,Migraine,Medication,2722,No
21759,1482,596,11156,11/25/2024,Infection,Medication,1876,No
21760,1906,598,10584,6/23/2024,Fever,Medication,4680,No
21761,1455,543,10816,11/10/2024,Infection,Medication,3504,No
21762,1985,581,11928,11/17/2025,Migraine,Physiotherapy,2174,No
21763,1283,588,12641,7/21/2025,Infection,Lifestyle Advice,3196,Yes
21764,1335,593,11536,5/11/2025,Infection,Medication,1185,No
21765,1352,546,12734,9/25/2024,Skin Allergy,Physiotherapy,3829,Yes
21766,1668,592,10963,3/3/2025,Heart Disease,Lifestyle Advice,4428,Yes
21767,1649,547,11076,2/4/2024,Hypertension,Lifestyle Advice,1587,Yes
21768,1327,586,12048,4/28/2024,Hypertension,Observation,448,No
21769,1336,592,11314,1/5/2025,Back Pain,Surgery,513,No
21770,1666,553,10446,7/21/2025,Arthritis,Medication,2553,No
21771,1995,525,12285,3/26/2025,Infection,Physiotherapy,3552,No
21772,1081,541,11515,11/4/2024,Skin Allergy,Lifestyle Advice,2663,Yes
21773,1087,503,11068,12/22/2024,Asthma,Observation,1109,Yes
21774,1776,577,10882,1/10/2025,Asthma,Surgery,4482,No
21775,1258,595,12814,4/14/2024,Migraine,Lifestyle Advice,881,Yes
21776,1991,513,10937,1/24/2025,Flu,Lifestyle Advice,3179,Yes
21777,1185,518,11949,6/24/2024,Skin Allergy,Medication,4552,No
21778,1692,537,12407,4/15/2024,Heart Disease,Surgery,2728,No
21779,1698,543,12694,8/14/2025,Hypertension,Surgery,4075,Yes
21780,1123,534,11550,6/11/2024,Hypertension,Physiotherapy,2286,No
21781,1889,581,12738,9/23/2024,Arthritis,Observation,3419,No
21782,1096,555,10462,7/16/2025,Routine Checkup,Physiotherapy,1306,Yes
21783,1605,552,10101,10/5/2024,Infection,Observation,3896,No
21784,1515,585,12740,10/29/2024,Diabetes,Physiotherapy,4618,Yes
21785,1904,536,12817,8/9/2025,Skin Allergy,Observation,4592,Yes
21786,1443,554,12316,5/6/2024,Flu,Medication,404,Yes
21787,1514,559,12931,9/2/2024,Heart Disease,Observation,3554,No
21788,1991,552,10408,8/21/2024,Flu,Physiotherapy,2373,No
21789,1958,519,12516,10/28/2025,Fever,Surgery,950,No
21790,1371,512,11740,8/7/2025,Skin Allergy,Lifestyle Advice,594,Yes
21791,1305,592,10259,3/14/2025,Diabetes,Observation,3655,Yes
21792,1357,511,10509,5/16/2024,Infection,Observation,2774,No
21793,1148,548,11691,7/9/2025,Fever,Surgery,3530,No
21794,1285,592,10309,5/28/2024,Arthritis,Medication,3249,No
21795,1657,599,10625,2/25/2024,Back Pain,Physiotherapy,3447,Yes
21796,1842,579,12158,11/18/2025,Asthma,Medication,4049,No
21797,1873,516,10679,12/21/2024,Asthma,Observation,604,No
21798,1918,571,11284,9/13/2024,Back Pain,Observation,4802,Yes
21799,1262,547,11681,3/3/2024,Routine Checkup,Medication,2754,No
21800,1574,567,10742,3/3/2024,Back Pain,Physiotherapy,3506,No
21801,1491,531,10907,1/29/2024,Arthritis,Observation,3617,Yes
21802,1738,576,10268,7/5/2025,Asthma,Observation,2804,No
21803,1031,508,12031,10/20/2025,Heart Disease,Medication,3864,No
21804,1702,589,10940,8/22/2025,Hypertension,Lifestyle Advice,1679,Yes
21805,1887,561,10811,7/21/2025,Infection,Surgery,1861,Yes
21806,1268,544,11201,10/26/2024,Flu,Observation,4232,No
21807,1012,550,12152,12/5/2025,Routine Checkup,Physiotherapy,413,Yes
21808,1191,535,11260,9/3/2025,Flu,Lifestyle Advice,4415,No
21809,1400,576,11117,8/2/2024,Skin Allergy,Medication,2787,No
21810,1537,561,12249,5/20/2024,Flu,Medication,1818,No
21811,1918,585,11835,5/21/2025,Fever,Physiotherapy,4599,No
21812,1091,590,10899,7/14/2025,Fever,Lifestyle Advice,3726,Yes
21813,1600,555,12791,5/13/2025,Hypertension,Physiotherapy,4674,No
21814,1844,566,10925,9/18/2025,Diabetes,Observation,923,Yes
21815,1501,514,11791,5/16/2025,Fever,Lifestyle Advice,4415,Yes
21816,1786,504,12645,8/9/2025,Fever,Surgery,2514,No
21817,1301,517,11059,7/9/2024,Skin Allergy,Surgery,4879,No
21818,1111,569,10688,12/11/2025,Routine Checkup,Physiotherapy,3920,No
21819,1080,524,11482,11/5/2025,Heart Disease,Surgery,2069,No
21820,1836,549,11495,10/12/2025,Back Pain,Physiotherapy,3203,No
21821,1652,555,11959,2/18/2024,Routine Checkup,Observation,3166,No
21822,1433,571,12968,12/28/2024,Diabetes,Observation,1859,Yes
21823,1417,523,10788,9/18/2025,Flu,Physiotherapy,3225,No
21824,1214,581,10399,11/10/2025,Diabetes,Observation,4152,Yes
21825,1447,512,12645,5/10/2025,Fever,Surgery,2381,Yes
21826,1018,511,12165,10/3/2024,Migraine,Observation,4938,Yes
21827,1054,575,10362,2/16/2024,Infection,Surgery,3134,Yes
21828,1880,598,10204,8/3/2024,Flu,Surgery,1223,No
21829,1609,529,12492,8/17/2024,Diabetes,Medication,1334,No
21830,1795,562,10727,9/30/2025,Routine Checkup,Observation,774,No
21831,1746,553,12039,11/18/2024,Hypertension,Observation,2802,No
21832,1979,548,11641,2/24/2025,Infection,Physiotherapy,2405,No
21833,1240,600,12909,8/12/2024,Asthma,Physiotherapy,1368,No
21834,1846,591,12916,10/23/2025,Arthritis,Lifestyle Advice,3321,No
21835,1921,586,11605,10/13/2024,Asthma,Surgery,4819,Yes
21836,1418,566,10767,2/15/2024,Fever,Medication,4294,Yes
21837,1856,600,11255,1/14/2024,Heart Disease,Surgery,3894,No
21838,1486,548,11227,9/24/2025,Skin Allergy,Observation,4178,No
21839,1444,594,12410,1/9/2025,Routine Checkup,Lifestyle Advice,2159,Yes
21840,1566,559,10395,12/3/2025,Diabetes,Surgery,1349,No
21841,1599,571,10248,11/28/2024,Hypertension,Lifestyle Advice,4129,No
21842,1773,557,10914,6/14/2024,Infection,Surgery,2960,Yes
21843,1748,576,11420,5/21/2025,Routine Checkup,Observation,3613,No
21844,1123,503,12809,4/26/2024,Back Pain,Observation,3319,No
21845,1420,581,12704,9/27/2025,Migraine,Surgery,278,Yes
21846,1566,532,11819,7/19/2025,Flu,Medication,2299,No
21847,1216,508,10356,3/14/2025,Back Pain,Observation,4777,No
21848,1420,587,10241,10/30/2024,Skin Allergy,Physiotherapy,4391,No
21849,1709,530,11911,4/1/2025,Diabetes,Medication,2629,Yes
21850,1551,515,12277,9/27/2024,Asthma,Surgery,2355,No
21851,1966,574,10621,12/11/2025,Arthritis,Medication,1035,Yes
21852,1877,555,12979,8/3/2024,Infection,Physiotherapy,1056,Yes
21853,1228,538,11563,4/22/2024,Flu,Observation,2573,No
21854,1237,515,10855,1/16/2024,Heart Disease,Observation,1185,No
21855,1644,530,12577,8/3/2024,Flu,Observation,4762,No
21856,1330,546,12315,3/2/2025,Routine Checkup,Physiotherapy,3534,No
21857,1833,564,12268,5/14/2024,Back Pain,Medication,2765,No
21858,1469,526,11106,2/12/2024,Back Pain,Surgery,3092,No
21859,1680,578,12609,10/10/2024,Migraine,Surgery,1201,Yes
21860,1487,567,11351,4/7/2024,Arthritis,Medication,3076,No
21861,1549,536,11061,2/29/2024,Fever,Observation,383,No
21862,1579,590,10382,8/17/2024,Diabetes,Surgery,4571,Yes
21863,1623,578,11936,10/4/2025,Arthritis,Observation,3890,Yes
21864,1415,531,12087,1/19/2025,Diabetes,Lifestyle Advice,2919,No
21865,1219,578,11133,6/7/2024,Back Pain,Lifestyle Advice,887,Yes
21866,1721,540,12477,4/15/2025,Infection,Surgery,4568,Yes
21867,1381,574,12839,8/18/2025,Arthritis,Medication,956,No
21868,1087,573,12080,7/26/2024,Diabetes,Medication,1798,No
21869,1461,546,10945,6/22/2024,Infection,Medication,2780,Yes
21870,1815,542,11745,3/21/2024,Fever,Observation,2233,No
21871,1411,518,12579,1/18/2024,Diabetes,Lifestyle Advice,4294,No
21872,1691,600,10106,12/8/2025,Hypertension,Observation,2521,No
21873,1916,536,12530,10/17/2024,Arthritis,Physiotherapy,2905,No
21874,1525,576,10206,12/25/2024,Skin Allergy,Physiotherapy,4031,No
21875,1447,550,10835,10/5/2024,Diabetes,Surgery,724,No
21876,1300,561,10089,1/31/2025,Heart Disease,Physiotherapy,4278,No
21877,1408,540,11073,5/21/2024,Asthma,Medication,1700,Yes
21878,1637,503,10896,11/7/2025,Arthritis,Surgery,100,Yes
21879,1375,582,11597,5/31/2025,Migraine,Lifestyle Advice,4881,No
21880,1233,507,11195,9/7/2024,Arthritis,Lifestyle Advice,4445,No
21881,1763,531,10143,10/23/2025,Asthma,Physiotherapy,4605,Yes
21882,1899,565,10207,6/23/2025,Infection,Physiotherapy,1509,Yes
21883,1638,595,12557,8/24/2024,Skin Allergy,Lifestyle Advice,3967,No
21884,1747,564,12053,5/11/2024,Migraine,Physiotherapy,4685,No
21885,1650,577,10211,11/1/2024,Diabetes,Physiotherapy,3070,Yes
21886,1961,593,10029,12/23/2024,Hypertension,Observation,2687,No
21887,1049,503,11214,10/11/2024,Arthritis,Lifestyle Advice,898,Yes
21888,1892,593,10188,10/19/2024,Heart Disease,Lifestyle Advice,1042,No
21889,1186,535,11861,6/11/2024,Infection,Physiotherapy,3562,No
21890,1205,515,11174,2/22/2025,Hypertension,Medication,1427,No
21891,1078,521,12573,4/12/2025,Asthma,Observation,794,Yes
21892,1481,562,12994,10/3/2025,Routine Checkup,Medication,3516,No
21893,1386,583,12033,7/23/2025,Migraine,Physiotherapy,4330,Yes
21894,1194,528,11390,5/21/2025,Skin Allergy,Lifestyle Advice,285,No
21895,1103,504,10157,10/19/2025,Migraine,Medication,577,No
21896,1617,513,12128,4/22/2025,Skin Allergy,Surgery,4196,No
21897,1376,579,11892,12/27/2024,Infection,Medication,2997,No
21898,1287,551,11297,11/7/2024,Flu,Lifestyle Advice,3115,No
21899,1836,548,12708,9/25/2025,Skin Allergy,Physiotherapy,3915,Yes
21900,1482,539,11742,12/4/2025,Hypertension,Medication,1785,Yes
21901,1723,596,12674,9/1/2024,Infection,Physiotherapy,1091,No
21902,1250,567,11814,4/21/2025,Diabetes,Observation,2849,Yes
21903,1805,594,10232,9/6/2025,Asthma,Surgery,4465,Yes
21904,1201,558,10160,3/11/2025,Routine Checkup,Lifestyle Advice,3045,No
21905,1536,584,10344,9/6/2024,Skin Allergy,Lifestyle Advice,3498,No
21906,1461,502,10205,1/22/2024,Routine Checkup,Physiotherapy,294,Yes
21907,1300,525,12886,4/21/2025,Diabetes,Surgery,2402,No
21908,1478,511,10305,7/25/2025,Infection,Lifestyle Advice,178,No
21909,1083,501,11384,5/25/2025,Flu,Medication,4046,No
21910,1809,548,12718,12/1/2024,Fever,Lifestyle Advice,1221,Yes
21911,1458,548,10400,10/7/2025,Skin Allergy,Medication,3321,No
21912,1691,510,12154,12/7/2024,Fever,Lifestyle Advice,885,No
21913,1298,581,12390,12/3/2024,Migraine,Medication,2961,No
21914,1364,530,10986,4/24/2025,Flu,Observation,546,No
21915,1718,535,11806,2/11/2024,Hypertension,Physiotherapy,4318,No
21916,1040,519,10952,3/14/2024,Arthritis,Observation,2823,No
21917,1816,553,11445,1/22/2024,Heart Disease,Medication,1681,Yes
21918,1625,534,12097,8/7/2024,Back Pain,Physiotherapy,458,Yes
21919,1340,532,10206,3/19/2024,Heart Disease,Surgery,2386,No
21920,1516,576,11242,8/22/2024,Back Pain,Medication,1865,Yes
21921,1998,581,11842,6/5/2024,Asthma,Lifestyle Advice,904,Yes
21922,1108,506,11460,11/22/2024,Fever,Lifestyle Advice,2830,No
21923,1316,513,12839,4/23/2024,Arthritis,Surgery,4864,No
21924,1114,586,11346,8/30/2025,Routine Checkup,Observation,4162,Yes
21925,1167,575,10231,10/3/2025,Back Pain,Medication,242,No
21926,1261,564,11511,9/12/2025,Arthritis,Lifestyle Advice,2334,No
21927,1618,507,10883,8/9/2025,Migraine,Physiotherapy,3659,No
21928,1224,545,12774,10/1/2024,Routine Checkup,Surgery,2269,No
21929,1262,545,12332,1/15/2025,Infection,Observation,3521,No
21930,1251,585,11510,1/20/2024,Asthma,Observation,1223,No
21931,1526,565,12324,11/3/2025,Skin Allergy,Physiotherapy,383,No
21932,1710,594,10433,7/27/2024,Heart Disease,Physiotherapy,483,No
21933,1126,519,11209,8/28/2025,Fever,Surgery,1678,No
21934,1206,547,12681,8/16/2025,Routine Checkup,Physiotherapy,3972,No
21935,1140,546,12264,9/7/2025,Back Pain,Lifestyle Advice,3045,No
21936,1062,529,12145,6/8/2024,Diabetes,Observation,4382,Yes
21937,1283,599,11143,7/26/2025,Flu,Physiotherapy,723,Yes
21938,1054,584,12413,2/7/2024,Asthma,Medication,644,No
21939,1346,600,11818,4/27/2024,Heart Disease,Physiotherapy,1013,Yes
21940,1524,561,11008,1/24/2025,Back Pain,Observation,2237,No
21941,1136,565,10618,11/10/2025,Hypertension,Lifestyle Advice,2643,Yes
21942,1330,523,10397,1/11/2025,Diabetes,Physiotherapy,3832,No
21943,1144,595,12506,1/10/2025,Heart Disease,Lifestyle Advice,4095,No
21944,1436,551,10318,8/3/2025,Skin Allergy,Medication,1847,No
21945,1282,563,12430,8/17/2025,Heart Disease,Observation,2263,Yes
21946,1136,599,12190,2/11/2024,Routine Checkup,Surgery,1143,No
21947,1489,522,10457,9/2/2025,Infection,Observation,2279,Yes
21948,1813,571,10501,4/14/2025,Back Pain,Surgery,1415,No
21949,1733,533,10323,4/2/2025,Asthma,Surgery,1477,No
21950,1852,600,11000,5/9/2024,Infection,Observation,3408,No
21951,1721,544,12316,1/28/2024,Migraine,Surgery,322,Yes
21952,1915,507,12535,9/20/2025,Migraine,Lifestyle Advice,4631,No
21953,1401,591,10878,11/21/2024,Routine Checkup,Medication,4522,No
21954,1871,502,10679,5/23/2025,Flu,Physiotherapy,2253,Yes
21955,1892,517,12062,9/10/2025,Diabetes,Surgery,2799,No
21956,1449,565,11004,11/20/2024,Diabetes,Surgery,3420,No
21957,1635,558,12753,6/8/2024,Flu,Observation,666,No
21958,1628,530,10155,5/30/2025,Hypertension,Lifestyle Advice,2142,Yes
21959,1669,586,10101,10/22/2025,Heart Disease,Physiotherapy,729,No
21960,1270,592,12620,9/10/2024,Arthritis,Surgery,2835,No
21961,1017,597,11067,9/4/2024,Hypertension,Lifestyle Advice,2617,No
21962,1269,526,11335,12/18/2024,Asthma,Physiotherapy,824,No
21963,1861,535,10621,2/1/2025,Fever,Observation,4460,No
21964,1482,563,11629,8/4/2025,Skin Allergy,Surgery,4148,No
21965,1219,575,11015,7/21/2024,Back Pain,Observation,2998,No
21966,1319,571,12513,10/28/2024,Hypertension,Observation,1564,No
21967,1238,528,12399,5/27/2024,Skin Allergy,Surgery,1407,No
21968,1545,525,12282,8/8/2024,Flu,Lifestyle Advice,2054,Yes
21969,1285,561,11952,11/28/2025,Heart Disease,Lifestyle Advice,4894,No
21970,1037,531,10403,7/13/2025,Flu,Observation,253,No
21971,1103,554,12399,9/19/2024,Skin Allergy,Observation,3611,No
21972,1723,567,11172,10/22/2024,Routine Checkup,Medication,4166,No
21973,1430,597,12076,11/10/2024,Migraine,Physiotherapy,910,Yes
21974,1792,551,10259,10/18/2024,Migraine,Observation,250,No
21975,1654,558,10620,11/14/2025,Heart Disease,Observation,2322,No
21976,1239,534,11466,1/31/2024,Back Pain,Physiotherapy,1178,Yes
21977,1741,559,11974,11/12/2025,Routine Checkup,Surgery,878,No
21978,1645,521,11962,2/13/2024,Heart Disease,Lifestyle Advice,4349,No
21979,1125,556,11653,7/8/2025,Back Pain,Surgery,4068,Yes
21980,1565,537,10876,5/13/2024,Asthma,Physiotherapy,4696,No
21981,1600,564,11551,12/14/2024,Skin Allergy,Physiotherapy,2653,No
21982,1610,519,11235,8/6/2024,Skin Allergy,Medication,4344,Yes
21983,1882,585,10543,3/25/2025,Back Pain,Medication,4203,No
21984,1607,578,10453,5/18/2025,Routine Checkup,Lifestyle Advice,4788,No
21985,1926,574,12745,3/26/2024,Skin Allergy,Observation,4664,Yes
21986,1188,553,10404,9/7/2024,Flu,Physiotherapy,4646,Yes
21987,1888,571,11019,9/21/2024,Skin Allergy,Medication,3778,No
21988,1256,593,11429,6/6/2025,Infection,Surgery,4323,Yes
21989,1585,563,10883,3/20/2024,Migraine,Medication,3805,No
21990,1987,562,11852,9/12/2025,Routine Checkup,Surgery,3458,No
21991,1924,572,10575,4/5/2025,Hypertension,Medication,952,No
21992,1874,577,11459,9/21/2025,Fever,Surgery,4282,No
21993,1794,519,11500,9/8/2024,Skin Allergy,Medication,4065,Yes
21994,1530,575,11492,1/18/2024,Infection,Medication,4729,No
21995,1676,502,12471,9/12/2024,Infection,Lifestyle Advice,3423,No
21996,1392,506,11163,9/1/2024,Back Pain,Observation,4574,No
21997,1658,529,12597,6/1/2024,Infection,Physiotherapy,555,No
21998,1468,541,12516,8/31/2025,Hypertension,Observation,4513,Yes
21999,1826,551,10111,5/14/2025,Skin Allergy,Lifestyle Advice,329,Yes
22000,1253,505,12201,4/2/2025,Migraine,Surgery,4703,Yes
22001,1672,541,12965,11/28/2025,Skin Allergy,Observation,4985,No
22002,1861,562,12810,6/25/2025,Routine Checkup,Physiotherapy,3577,Yes
22003,1561,530,12768,4/24/2024,Asthma,Physiotherapy,3458,Yes
22004,1176,562,12928,3/22/2025,Skin Allergy,Surgery,859,No
22005,1466,600,10682,12/18/2024,Arthritis,Physiotherapy,1890,Yes
22006,1839,527,10769,9/16/2025,Hypertension,Lifestyle Advice,4641,Yes
22007,1577,550,10279,6/24/2025,Routine Checkup,Observation,1466,No
22008,1988,582,10363,11/17/2024,Skin Allergy,Physiotherapy,424,No
22009,1289,552,11649,4/3/2025,Asthma,Observation,976,Yes
22010,1050,549,11432,8/13/2024,Back Pain,Medication,266,No
22011,1004,562,11199,12/26/2024,Infection,Observation,3764,No
22012,1631,600,10601,6/14/2025,Diabetes,Surgery,680,No
22013,1852,560,11159,4/21/2024,Diabetes,Lifestyle Advice,1899,No
22014,1885,580,12342,7/30/2024,Hypertension,Physiotherapy,1209,Yes
22015,1500,554,11519,8/20/2024,Flu,Lifestyle Advice,3727,No
22016,1676,505,11839,6/7/2024,Infection,Observation,2953,No
22017,1223,509,10871,7/25/2025,Back Pain,Physiotherapy,1272,No
22018,1870,534,11443,11/19/2024,Infection,Lifestyle Advice,871,No
22019,1668,598,11342,4/2/2024,Infection,Surgery,1027,No
22020,1899,536,12121,9/4/2024,Routine Checkup,Medication,3008,No
22021,1262,595,12307,10/31/2025,Skin Allergy,Medication,705,No
22022,1685,520,11382,5/20/2024,Diabetes,Surgery,4006,No
22023,1535,581,11172,2/7/2025,Routine Checkup,Medication,4200,No
22024,1903,584,11249,2/7/2025,Skin Allergy,Surgery,4194,Yes
22025,1376,592,11129,8/23/2025,Flu,Observation,1101,Yes
22026,1061,585,12404,10/28/2025,Skin Allergy,Surgery,4073,No
22027,1356,583,11562,2/17/2025,Routine Checkup,Medication,513,Yes
22028,1833,563,11285,3/15/2025,Asthma,Observation,4910,No
22029,1646,567,10571,8/20/2024,Routine Checkup,Surgery,2114,Yes
22030,1024,530,12621,7/11/2024,Skin Allergy,Surgery,1587,Yes
22031,1293,569,12865,4/8/2024,Heart Disease,Observation,882,No
22032,1557,570,11950,4/22/2024,Infection,Physiotherapy,626,Yes
22033,1691,503,11978,9/10/2025,Hypertension,Medication,100,Yes
22034,1356,549,11981,6/19/2025,Back Pain,Physiotherapy,370,No
22035,1984,542,10447,10/7/2024,Hypertension,Observation,2631,No
22036,1870,524,10783,12/16/2025,Hypertension,Observation,1171,Yes
22037,1941,544,11281,6/6/2025,Asthma,Lifestyle Advice,793,No
22038,1575,501,12957,12/15/2024,Flu,Lifestyle Advice,2987,Yes
22039,1029,554,10944,11/11/2024,Arthritis,Observation,3678,No
22040,1357,552,12944,12/17/2025,Routine Checkup,Lifestyle Advice,2095,No
22041,1365,536,12978,5/14/2025,Back Pain,Surgery,3677,No
22042,1608,579,10637,6/20/2025,Arthritis,Physiotherapy,1809,No
22043,1409,538,12974,10/13/2025,Asthma,Observation,2199,No
22044,1266,544,10531,9/26/2025,Diabetes,Surgery,569,No
22045,1291,582,10119,3/11/2025,Flu,Medication,2390,Yes
22046,1567,587,10066,6/6/2025,Fever,Medication,436,Yes
22047,1153,547,12293,8/15/2025,Routine Checkup,Lifestyle Advice,855,No
22048,1219,529,12105,3/19/2025,Hypertension,Lifestyle Advice,2701,Yes
22049,1173,551,11068,9/12/2025,Skin Allergy,Surgery,1819,No
22050,1608,541,12572,7/26/2024,Infection,Medication,2199,Yes
22051,1635,586,11914,10/2/2024,Hypertension,Observation,512,No
22052,1012,564,10424,5/11/2025,Diabetes,Physiotherapy,3712,No
22053,1516,588,10395,10/23/2024,Infection,Lifestyle Advice,3380,No
22054,1362,548,12498,1/8/2025,Hypertension,Surgery,4203,No
22055,1858,577,11281,7/28/2025,Arthritis,Lifestyle Advice,3093,No
22056,1579,597,12041,7/2/2024,Hypertension,Surgery,3562,No
22057,1657,522,10954,2/1/2024,Diabetes,Medication,346,Yes
22058,1969,599,11820,10/9/2024,Diabetes,Lifestyle Advice,3878,No
22059,1477,517,11860,3/7/2025,Migraine,Surgery,511,No
22060,1577,586,10763,6/2/2025,Flu,Surgery,3467,No
22061,1082,505,11630,11/16/2025,Arthritis,Lifestyle Advice,4430,Yes
22062,1617,561,11404,4/6/2025,Migraine,Physiotherapy,2789,Yes
22063,1693,589,10443,1/2/2025,Arthritis,Observation,687,No
22064,1340,506,12940,10/19/2025,Arthritis,Medication,1568,Yes
22065,1441,553,12582,9/8/2024,Back Pain,Lifestyle Advice,332,No
22066,1617,581,11498,6/14/2024,Migraine,Lifestyle Advice,1986,Yes
22067,1226,595,10157,9/6/2025,Arthritis,Physiotherapy,409,Yes
22068,1371,517,10089,12/5/2025,Heart Disease,Medication,1043,No
22069,1028,559,12250,6/12/2025,Diabetes,Lifestyle Advice,1007,No
22070,1995,597,10980,8/24/2025,Skin Allergy,Physiotherapy,2848,No
22071,1016,539,10462,1/5/2025,Skin Allergy,Observation,2625,No
22072,1277,554,12757,8/20/2025,Infection,Surgery,1700,No
22073,1333,548,12502,4/12/2024,Diabetes,Observation,2199,No
22074,1483,537,10380,8/16/2025,Flu,Observation,645,No
22075,1810,548,10401,5/5/2024,Asthma,Observation,2448,No
22076,1566,568,11103,2/7/2024,Back Pain,Observation,3923,No
22077,1288,578,10551,12/13/2024,Flu,Surgery,2788,No
22078,1114,577,12984,7/31/2024,Fever,Medication,3414,No
22079,1038,527,11410,11/14/2024,Diabetes,Medication,4551,Yes
22080,1454,588,12709,3/1/2025,Fever,Physiotherapy,1941,Yes
22081,1882,527,12951,9/3/2024,Hypertension,Physiotherapy,1736,Yes
22082,1742,572,10445,10/9/2025,Hypertension,Lifestyle Advice,1775,No
22083,1166,563,12100,10/12/2024,Infection,Observation,4932,Yes
22084,1694,552,11968,8/18/2024,Migraine,Observation,1890,No
22085,1956,547,11918,11/15/2024,Hypertension,Surgery,3244,No
22086,1205,521,10329,5/26/2025,Flu,Observation,3620,No
22087,1878,557,11932,6/4/2025,Asthma,Surgery,1941,Yes
22088,1245,575,11991,8/12/2024,Diabetes,Lifestyle Advice,255,No
22089,1871,595,10770,5/20/2025,Arthritis,Physiotherapy,1033,Yes
22090,1333,591,11483,4/16/2024,Routine Checkup,Physiotherapy,675,No
22091,1943,542,12546,11/29/2025,Skin Allergy,Lifestyle Advice,1433,No
22092,1396,548,10125,8/29/2025,Diabetes,Lifestyle Advice,3207,Yes
22093,1821,527,10204,12/7/2025,Routine Checkup,Observation,4443,Yes
22094,1507,572,12816,11/26/2024,Fever,Physiotherapy,1551,Yes
22095,1929,533,10643,1/5/2024,Back Pain,Medication,4648,Yes
22096,1924,576,11045,4/12/2025,Skin Allergy,Lifestyle Advice,1039,Yes
22097,1121,535,10590,5/30/2025,Routine Checkup,Physiotherapy,3559,No
22098,1259,598,11587,6/11/2024,Migraine,Physiotherapy,1193,No
22099,1722,516,12410,10/14/2025,Arthritis,Surgery,4041,No
22100,1410,536,12409,6/14/2025,Arthritis,Physiotherapy,2601,No
22101,1310,566,11140,3/22/2024,Routine Checkup,Lifestyle Advice,4462,No
22102,1808,576,10055,4/25/2025,Fever,Observation,1561,Yes
22103,1706,591,12340,5/30/2025,Hypertension,Physiotherapy,2513,Yes
22104,1068,556,11075,10/1/2025,Asthma,Medication,3873,No
22105,1114,517,10842,7/5/2024,Flu,Lifestyle Advice,1310,No
22106,1220,520,12833,5/25/2024,Fever,Observation,3398,Yes
22107,1220,585,12302,5/31/2024,Asthma,Observation,160,No
22108,1473,594,10492,12/28/2024,Fever,Lifestyle Advice,2315,Yes
22109,1730,584,10985,4/2/2024,Skin Allergy,Observation,4350,No
22110,1749,508,12621,1/31/2024,Arthritis,Medication,2931,No
22111,1943,518,12907,6/23/2025,Arthritis,Physiotherapy,4917,No
22112,1386,518,10993,10/10/2025,Diabetes,Lifestyle Advice,4202,Yes
22113,1298,518,11995,8/24/2025,Hypertension,Physiotherapy,4718,Yes
22114,1930,502,11933,2/18/2024,Arthritis,Physiotherapy,350,No
22115,1606,576,10961,9/14/2024,Flu,Observation,1699,No
22116,1253,596,11887,6/1/2025,Asthma,Lifestyle Advice,2267,No
22117,1405,572,12273,6/24/2025,Routine Checkup,Physiotherapy,3240,No
22118,1492,551,12046,2/13/2025,Hypertension,Surgery,1385,No
22119,1357,510,10103,6/4/2024,Asthma,Medication,1887,Yes
22120,1428,575,10970,6/29/2025,Back Pain,Observation,1568,No
22121,1215,514,11072,3/15/2025,Arthritis,Lifestyle Advice,4133,Yes
22122,1993,526,10737,8/24/2024,Asthma,Lifestyle Advice,1602,No
22123,1380,547,11366,10/11/2025,Heart Disease,Observation,1354,No
22124,1770,530,12281,1/2/2025,Arthritis,Physiotherapy,4419,No
22125,1859,556,10228,2/26/2024,Routine Checkup,Observation,4914,Yes
22126,1752,542,12570,6/23/2024,Infection,Lifestyle Advice,3000,No
22127,1827,504,11721,8/1/2024,Routine Checkup,Surgery,3537,Yes
22128,1214,511,11616,1/27/2024,Back Pain,Physiotherapy,127,No
22129,1098,524,12061,4/28/2024,Skin Allergy,Observation,1000,No
22130,1528,586,10445,5/26/2024,Heart Disease,Lifestyle Advice,948,No
22131,1916,567,12388,9/21/2024,Fever,Lifestyle Advice,200,Yes
22132,1666,537,11348,2/6/2025,Heart Disease,Lifestyle Advice,2205,No
22133,1528,502,11620,9/14/2024,Heart Disease,Surgery,4610,Yes
22134,1710,512,10598,7/7/2024,Asthma,Physiotherapy,3340,No
22135,1620,521,12205,5/13/2025,Migraine,Observation,3417,Yes
22136,1535,569,12704,12/10/2025,Infection,Physiotherapy,1588,No
22137,1554,571,11182,8/26/2024,Asthma,Lifestyle Advice,1553,Yes
22138,1549,564,10798,11/22/2024,Flu,Surgery,1901,Yes
22139,1328,568,12539,3/10/2024,Infection,Surgery,4616,Yes
22140,1902,543,10835,12/5/2025,Arthritis,Lifestyle Advice,4216,Yes
22141,1165,554,13000,1/25/2024,Migraine,Physiotherapy,4831,No
22142,1116,600,12033,8/4/2025,Asthma,Physiotherapy,3540,No
22143,1150,562,10357,6/4/2024,Infection,Surgery,4659,Yes
22144,1518,586,12765,10/19/2025,Skin Allergy,Medication,1615,Yes
22145,1032,593,12410,8/6/2024,Flu,Surgery,4021,No
22146,1657,573,10008,7/14/2025,Asthma,Surgery,3266,No
22147,1806,590,12520,1/13/2025,Hypertension,Observation,123,No
22148,1913,512,12220,7/12/2024,Arthritis,Surgery,495,No
22149,1293,501,12144,2/9/2024,Back Pain,Medication,1527,No
22150,1919,572,12722,8/19/2025,Fever,Surgery,3304,No
22151,1689,533,12656,12/8/2024,Skin Allergy,Physiotherapy,1113,No
22152,1957,564,11330,5/17/2025,Flu,Observation,4617,Yes
22153,1177,568,12522,3/25/2025,Arthritis,Observation,4326,No
22154,1061,514,11974,12/1/2024,Routine Checkup,Surgery,519,Yes
22155,1589,593,11489,1/4/2024,Fever,Observation,3449,No
22156,1416,514,10614,5/31/2025,Diabetes,Observation,4065,No
22157,1383,509,10689,5/11/2025,Fever,Surgery,4970,No
22158,1598,573,10898,8/13/2024,Infection,Medication,1526,Yes
22159,1703,526,11352,5/29/2024,Arthritis,Surgery,4370,No
22160,1007,549,10110,8/25/2024,Infection,Physiotherapy,563,Yes
22161,1918,517,10710,10/21/2025,Migraine,Lifestyle Advice,489,No
22162,1085,568,12919,4/12/2024,Diabetes,Medication,235,No
22163,1774,560,11161,6/23/2024,Arthritis,Surgery,2556,No
22164,1957,503,10649,4/5/2025,Diabetes,Medication,2371,No
22165,1398,593,12397,2/3/2024,Routine Checkup,Lifestyle Advice,700,No
22166,1912,525,12004,11/14/2025,Flu,Observation,718,No
22167,1771,521,12511,6/1/2025,Fever,Observation,1676,Yes
22168,1393,512,11667,3/15/2025,Fever,Lifestyle Advice,3869,Yes
22169,1047,554,11528,10/11/2024,Diabetes,Observation,3025,No
22170,1341,501,12933,8/12/2024,Fever,Medication,108,No
22171,1498,501,11914,7/18/2025,Skin Allergy,Observation,1303,No
22172,1606,545,10246,9/13/2024,Heart Disease,Lifestyle Advice,1821,Yes
22173,1478,546,11609,2/28/2024,Flu,Lifestyle Advice,693,No
22174,1426,548,10798,9/2/2024,Infection,Lifestyle Advice,3860,No
22175,1426,507,12918,6/2/2025,Flu,Physiotherapy,705,No
22176,1736,510,11074,8/1/2024,Fever,Medication,1569,No
22177,1791,515,12864,8/12/2025,Asthma,Lifestyle Advice,1795,No
22178,1515,540,10515,12/1/2025,Diabetes,Medication,1406,No
22179,1129,511,12274,8/3/2024,Back Pain,Physiotherapy,1787,No
22180,1835,556,12626,2/6/2025,Flu,Medication,4083,No
22181,1249,546,10506,10/9/2024,Heart Disease,Surgery,3826,No
22182,1741,545,10155,7/26/2025,Hypertension,Physiotherapy,1148,No
22183,1839,587,12007,7/26/2025,Heart Disease,Physiotherapy,1835,No
22184,1131,513,11898,8/2/2024,Diabetes,Observation,4428,No
22185,1740,527,11504,1/16/2025,Migraine,Lifestyle Advice,3459,Yes
22186,1689,581,10111,2/14/2024,Back Pain,Physiotherapy,784,Yes
22187,1323,550,12531,6/20/2024,Routine Checkup,Medication,2438,No
22188,1823,561,12856,8/8/2024,Flu,Surgery,1048,Yes
22189,1900,513,12322,1/19/2025,Fever,Medication,3530,No
22190,1543,512,12203,4/4/2024,Heart Disease,Medication,2771,Yes
22191,1066,529,11675,2/13/2024,Routine Checkup,Surgery,404,Yes
22192,1718,585,11191,8/15/2024,Arthritis,Observation,2497,Yes
22193,1101,584,11043,7/27/2025,Routine Checkup,Lifestyle Advice,2100,No
22194,1832,520,12393,11/12/2024,Back Pain,Physiotherapy,2626,Yes
22195,1031,531,12783,11/30/2024,Heart Disease,Lifestyle Advice,4325,No
22196,1885,508,12617,8/23/2025,Flu,Observation,286,No
22197,1191,524,11922,9/15/2025,Heart Disease,Surgery,1664,No
22198,1578,575,10294,12/19/2025,Asthma,Lifestyle Advice,2009,No
22199,1415,539,12693,4/11/2025,Routine Checkup,Medication,2382,No
22200,1815,533,11486,12/15/2025,Routine Checkup,Physiotherapy,377,No
22201,1747,542,10338,10/23/2024,Back Pain,Physiotherapy,1582,No
22202,1790,515,11828,6/28/2025,Back Pain,Observation,4982,No
22203,1714,568,12500,5/3/2025,Fever,Observation,1977,Yes
22204,1500,565,12392,8/2/2024,Routine Checkup,Surgery,4560,Yes
22205,1862,532,10717,6/7/2025,Flu,Observation,4663,Yes
22206,1737,511,10631,1/2/2024,Migraine,Lifestyle Advice,1748,No
22207,1595,594,10765,10/22/2025,Heart Disease,Physiotherapy,2024,No
22208,1046,537,10085,10/15/2025,Skin Allergy,Surgery,2798,No
22209,1089,519,10737,7/25/2024,Heart Disease,Observation,3899,No
22210,1698,551,12708,12/6/2024,Flu,Medication,1397,No
22211,1375,600,11413,12/4/2025,Skin Allergy,Physiotherapy,1451,No
22212,1701,534,10227,2/10/2025,Asthma,Surgery,3008,No
22213,1246,571,11308,11/1/2024,Infection,Physiotherapy,2331,No
22214,1558,560,10109,5/21/2025,Diabetes,Lifestyle Advice,2128,Yes
22215,1257,584,10135,4/13/2025,Routine Checkup,Observation,1317,No
22216,1352,553,10938,12/16/2025,Flu,Observation,371,No
22217,1921,512,10291,7/11/2025,Asthma,Observation,1423,No
22218,1573,562,11826,5/9/2025,Fever,Medication,2343,No
22219,1105,596,11737,9/17/2024,Hypertension,Lifestyle Advice,3052,Yes
22220,1337,566,11653,7/31/2025,Fever,Medication,430,Yes
22221,1526,586,11868,10/23/2025,Back Pain,Lifestyle Advice,3657,Yes
22222,1301,548,12870,8/4/2025,Hypertension,Lifestyle Advice,2767,No
22223,1077,540,12442,12/29/2024,Heart Disease,Lifestyle Advice,2646,No
22224,1511,524,10027,5/28/2025,Diabetes,Observation,3571,No
22225,1230,550,12061,6/24/2025,Hypertension,Observation,1927,No
22226,1679,595,10554,7/26/2025,Hypertension,Observation,1935,Yes
22227,1578,568,10933,9/3/2025,Routine Checkup,Medication,2228,Yes
22228,1032,588,12493,3/30/2025,Infection,Surgery,4036,No
22229,1608,543,12272,5/23/2024,Asthma,Lifestyle Advice,2273,No
22230,1058,517,12069,7/10/2024,Diabetes,Medication,3809,No
22231,1104,583,11672,12/18/2024,Routine Checkup,Observation,229,No
22232,1312,555,11350,10/25/2024,Heart Disease,Observation,1658,Yes
22233,1646,534,11757,4/4/2025,Flu,Surgery,2361,Yes
22234,1729,597,10467,3/2/2025,Hypertension,Observation,3300,No
22235,1067,570,11249,12/16/2025,Arthritis,Lifestyle Advice,3824,No
22236,1978,560,12701,1/31/2024,Asthma,Physiotherapy,3633,No
22237,1690,551,11499,11/27/2024,Hypertension,Observation,1903,No
22238,1374,600,10618,2/14/2025,Heart Disease,Surgery,3228,No
22239,1759,577,12828,2/21/2024,Routine Checkup,Physiotherapy,4793,No
22240,1806,573,10458,1/18/2025,Diabetes,Lifestyle Advice,714,No
22241,1235,535,12688,8/30/2024,Arthritis,Lifestyle Advice,3510,No
22242,1643,534,11237,11/16/2025,Arthritis,Lifestyle Advice,4618,No
22243,1112,516,12711,9/3/2025,Fever,Surgery,2481,Yes
22244,1389,582,10961,2/20/2025,Flu,Physiotherapy,1964,No
22245,1408,518,11505,4/19/2025,Back Pain,Lifestyle Advice,2052,No
22246,1054,538,10180,1/26/2025,Fever,Observation,787,No
22247,1802,543,12586,1/23/2025,Back Pain,Physiotherapy,4027,No
22248,1239,532,12575,7/26/2025,Flu,Lifestyle Advice,4342,No
22249,1752,507,12070,11/30/2025,Asthma,Physiotherapy,3607,Yes
22250,1295,587,11369,4/13/2025,Arthritis,Observation,2159,No
22251,1112,587,12625,2/11/2025,Routine Checkup,Medication,3008,No
22252,1088,546,10763,6/2/2025,Routine Checkup,Lifestyle Advice,3404,No
22253,1740,561,10922,7/7/2024,Routine Checkup,Observation,2309,Yes
22254,1476,518,10745,8/17/2025,Diabetes,Surgery,1717,No
22255,1304,571,11432,12/16/2024,Asthma,Lifestyle Advice,4142,No
22256,1305,540,11511,10/9/2024,Heart Disease,Medication,1999,No
22257,1290,588,11440,9/27/2025,Heart Disease,Observation,2134,Yes
22258,1208,578,11296,6/5/2024,Routine Checkup,Observation,3671,No
22259,1868,550,12720,8/21/2025,Skin Allergy,Physiotherapy,4073,Yes
22260,1903,505,10637,5/27/2024,Diabetes,Lifestyle Advice,3052,No
22261,1786,554,11024,3/10/2024,Heart Disease,Medication,4747,Yes
22262,1582,586,10152,1/4/2025,Back Pain,Surgery,825,No
22263,1370,558,10013,8/10/2025,Skin Allergy,Physiotherapy,3603,No
22264,1220,522,10715,9/17/2025,Migraine,Lifestyle Advice,3627,No
22265,1231,574,12954,5/29/2025,Infection,Medication,1277,Yes
22266,1802,590,10249,8/21/2024,Migraine,Physiotherapy,4185,Yes
22267,1819,579,11145,11/9/2025,Infection,Medication,3509,No
22268,1873,538,10387,9/2/2025,Heart Disease,Medication,2440,No
22269,1349,549,10439,9/27/2025,Skin Allergy,Physiotherapy,2583,No
22270,1255,501,12348,4/11/2025,Arthritis,Physiotherapy,4361,No
22271,1452,578,10721,7/10/2025,Fever,Lifestyle Advice,3141,No
22272,1142,536,10473,10/13/2024,Back Pain,Physiotherapy,3623,No
22273,1069,595,11007,9/9/2025,Arthritis,Lifestyle Advice,4979,No
22274,1089,528,10633,10/20/2024,Infection,Medication,1659,Yes
22275,1871,598,12469,4/25/2025,Hypertension,Physiotherapy,500,No
22276,1136,535,10024,5/13/2024,Heart Disease,Lifestyle Advice,4310,Yes
22277,1655,560,10538,1/8/2024,Routine Checkup,Lifestyle Advice,4546,No
22278,1851,562,12825,1/28/2024,Hypertension,Surgery,3431,No
22279,1699,587,12686,6/3/2025,Diabetes,Lifestyle Advice,2965,Yes
22280,1523,546,11981,11/5/2024,Infection,Lifestyle Advice,1349,Yes
22281,1660,583,11811,10/7/2025,Asthma,Surgery,713,No
22282,1951,582,10540,6/24/2025,Heart Disease,Observation,4326,Yes
22283,1804,579,12951,9/18/2025,Arthritis,Physiotherapy,2054,No
22284,1850,561,11727,5/8/2025,Fever,Surgery,4376,Yes
22285,1910,565,10421,2/3/2024,Migraine,Lifestyle Advice,448,Yes
22286,1442,589,10484,1/7/2024,Asthma,Lifestyle Advice,2618,Yes
22287,1038,526,11029,2/9/2024,Migraine,Physiotherapy,260,Yes
22288,1857,535,12205,11/25/2024,Back Pain,Medication,213,No
22289,1208,557,10052,3/2/2024,Routine Checkup,Surgery,1585,No
22290,1210,579,10243,3/26/2024,Fever,Observation,1728,Yes
22291,1513,563,11687,12/25/2025,Asthma,Physiotherapy,4338,Yes
22292,1360,504,12822,4/25/2024,Skin Allergy,Physiotherapy,3783,Yes
22293,1577,579,12468,7/30/2025,Routine Checkup,Surgery,2598,No
22294,1001,542,11841,10/23/2024,Routine Checkup,Lifestyle Advice,2095,No
22295,1755,545,10425,1/13/2025,Skin Allergy,Lifestyle Advice,2209,Yes
22296,1981,539,12128,11/12/2025,Arthritis,Observation,695,Yes
22297,1381,565,10695,9/19/2025,Back Pain,Surgery,1039,No
22298,1828,522,10354,11/17/2024,Skin Allergy,Physiotherapy,1399,Yes
22299,1537,511,11690,9/19/2025,Infection,Surgery,3850,No
22300,1859,537,10293,1/29/2025,Migraine,Medication,1252,No
22301,1394,590,10717,12/22/2024,Infection,Physiotherapy,4559,Yes
22302,1050,551,10529,7/15/2025,Heart Disease,Observation,2194,Yes
22303,1396,591,10480,2/22/2025,Back Pain,Observation,3116,Yes
22304,1860,558,10477,4/22/2025,Arthritis,Physiotherapy,1497,No
22305,1753,577,10025,12/1/2024,Diabetes,Lifestyle Advice,2969,Yes
22306,1032,507,12479,8/13/2025,Back Pain,Physiotherapy,4855,No
22307,1545,508,12365,1/20/2024,Infection,Physiotherapy,1260,No
22308,1712,551,10638,2/15/2025,Skin Allergy,Medication,895,Yes
22309,1234,523,12406,7/2/2025,Arthritis,Physiotherapy,4230,No
22310,1026,590,11300,9/15/2024,Arthritis,Surgery,3017,No
22311,1554,591,10690,8/27/2025,Migraine,Surgery,2639,Yes
22312,1434,509,10344,11/29/2025,Migraine,Observation,4453,Yes
22313,1061,546,11455,12/22/2024,Infection,Lifestyle Advice,2534,No
22314,1553,538,12607,7/19/2024,Fever,Observation,4465,Yes
22315,1441,513,10712,2/14/2025,Flu,Medication,2100,No
22316,1130,507,12611,10/14/2024,Flu,Physiotherapy,3218,Yes
22317,1867,511,10439,2/17/2024,Hypertension,Observation,2841,No
22318,1354,574,11455,7/11/2025,Asthma,Physiotherapy,1053,No
22319,1198,597,10143,1/4/2025,Back Pain,Observation,1825,Yes
22320,1799,550,11784,8/18/2024,Routine Checkup,Physiotherapy,1610,Yes
22321,1663,567,10868,4/4/2024,Back Pain,Observation,1686,Yes
22322,1716,541,12401,10/29/2024,Skin Allergy,Surgery,1841,No
22323,1694,529,11489,8/5/2024,Migraine,Medication,2558,No
22324,1371,537,10468,7/5/2025,Migraine,Observation,2992,Yes
22325,1924,556,11488,1/21/2025,Heart Disease,Surgery,2074,No
22326,1719,580,10877,12/15/2025,Infection,Lifestyle Advice,1492,No
22327,1147,516,11418,9/19/2025,Skin Allergy,Observation,3437,No
22328,1716,544,10919,3/31/2024,Fever,Physiotherapy,2932,No
22329,1498,550,11810,2/27/2024,Fever,Medication,889,No
22330,1048,571,11777,3/9/2025,Asthma,Surgery,399,No
22331,1770,579,11082,6/5/2025,Infection,Surgery,3950,No
22332,1651,506,11150,4/27/2025,Arthritis,Medication,1421,Yes
22333,1172,518,10841,1/1/2025,Flu,Observation,4569,Yes
22334,1613,519,12926,2/10/2025,Diabetes,Physiotherapy,2209,No
22335,1699,551,12100,6/1/2025,Skin Allergy,Lifestyle Advice,2485,No
22336,1896,566,11012,11/26/2024,Flu,Observation,3546,Yes
22337,1315,503,10814,11/30/2025,Asthma,Medication,4669,No
22338,1376,589,12317,8/22/2024,Routine Checkup,Observation,4307,No
22339,1806,600,12144,2/14/2025,Heart Disease,Observation,718,Yes
22340,1921,554,10273,7/1/2024,Hypertension,Medication,4990,Yes
22341,1875,549,11717,10/13/2024,Migraine,Medication,982,Yes
22342,1533,528,12181,5/2/2024,Arthritis,Lifestyle Advice,1803,No
22343,1810,538,12976,6/6/2024,Back Pain,Medication,2895,Yes
22344,1420,528,12137,11/18/2024,Hypertension,Medication,2519,Yes
22345,1905,532,12733,1/13/2024,Migraine,Medication,4791,No
22346,1396,541,12872,7/19/2025,Heart Disease,Surgery,3928,Yes
22347,1522,536,10005,7/8/2025,Asthma,Medication,607,No
22348,1187,536,10357,9/12/2025,Flu,Medication,2135,No
22349,1645,587,11367,11/8/2025,Flu,Medication,1517,Yes
22350,1033,566,10204,9/9/2025,Hypertension,Lifestyle Advice,2960,Yes
22351,1069,510,11597,7/16/2025,Arthritis,Observation,3679,No
22352,1592,570,12519,7/22/2024,Arthritis,Medication,2485,No
22353,1191,572,12512,10/28/2024,Asthma,Medication,1386,No
22354,1101,579,10497,2/12/2024,Flu,Lifestyle Advice,1025,No
22355,1485,593,10702,8/19/2025,Heart Disease,Observation,328,No
22356,1285,563,10837,12/29/2025,Hypertension,Lifestyle Advice,1868,Yes
22357,1914,592,10063,10/31/2025,Hypertension,Physiotherapy,2521,No
22358,1733,522,11580,5/20/2025,Skin Allergy,Physiotherapy,3356,Yes
22359,1390,598,10239,9/30/2025,Back Pain,Physiotherapy,4642,No
22360,1565,520,10540,7/9/2024,Fever,Medication,3252,Yes
22361,1978,533,10198,2/29/2024,Skin Allergy,Lifestyle Advice,4993,No
22362,1160,515,10781,4/10/2025,Fever,Medication,1333,No
22363,1892,507,10030,1/13/2025,Routine Checkup,Physiotherapy,3135,Yes
22364,1554,588,12714,3/4/2025,Arthritis,Observation,2696,Yes
22365,1047,590,11233,3/2/2024,Fever,Observation,1409,No
22366,1159,550,11087,10/28/2024,Diabetes,Lifestyle Advice,568,Yes
22367,1446,510,11081,9/29/2025,Arthritis,Observation,2516,No
22368,1696,579,11856,6/20/2024,Infection,Physiotherapy,3895,No
22369,1758,537,11599,5/19/2025,Fever,Lifestyle Advice,953,No
22370,1523,559,11629,3/3/2024,Diabetes,Lifestyle Advice,1223,No
22371,1666,588,12648,1/16/2024,Asthma,Physiotherapy,1720,No
22372,1732,575,11018,11/21/2025,Flu,Physiotherapy,3131,Yes
22373,1155,563,12668,4/10/2024,Flu,Physiotherapy,4920,No
22374,1339,521,11070,6/24/2024,Flu,Physiotherapy,4074,No
22375,1953,579,12125,7/11/2024,Fever,Lifestyle Advice,3129,No
22376,1365,579,12777,9/29/2024,Flu,Observation,1570,No
22377,1795,537,11193,4/11/2025,Migraine,Physiotherapy,2561,No
22378,1699,545,10814,6/23/2024,Flu,Surgery,192,No
22379,1574,514,11153,8/21/2024,Fever,Lifestyle Advice,1376,No
22380,1148,543,11737,8/3/2024,Fever,Medication,3821,No
22381,1899,585,12756,5/5/2025,Diabetes,Observation,4756,No
22382,1144,584,11884,2/20/2025,Flu,Lifestyle Advice,1756,No
22383,1103,533,10268,6/16/2025,Flu,Physiotherapy,3210,Yes
22384,1812,503,12813,3/26/2025,Back Pain,Surgery,4741,No
22385,1093,587,11774,10/6/2024,Arthritis,Medication,3529,No
22386,1975,544,10585,8/31/2024,Routine Checkup,Observation,4973,No
22387,1286,587,12467,11/5/2025,Hypertension,Physiotherapy,287,No
22388,1424,591,12918,5/25/2024,Diabetes,Lifestyle Advice,4803,No
22389,1119,535,11891,3/7/2024,Flu,Lifestyle Advice,4870,No
22390,1961,525,11185,4/12/2024,Heart Disease,Observation,2445,No
22391,1029,596,11082,11/5/2024,Migraine,Surgery,1203,No
22392,1511,586,10384,9/28/2025,Infection,Physiotherapy,2326,Yes
22393,1030,508,12851,4/26/2024,Infection,Observation,1380,No
22394,1872,562,12558,4/16/2025,Skin Allergy,Observation,4413,No
22395,1366,518,10430,11/16/2024,Heart Disease,Lifestyle Advice,4193,No
22396,1800,592,12626,3/10/2025,Routine Checkup,Observation,2414,No
22397,1138,528,12988,1/4/2025,Migraine,Medication,1440,Yes
22398,1475,575,11050,11/30/2025,Diabetes,Medication,690,No
22399,1563,512,11834,7/5/2024,Flu,Physiotherapy,778,No
22400,1392,564,12637,8/10/2025,Heart Disease,Observation,715,No
22401,1435,502,10798,4/13/2025,Back Pain,Lifestyle Advice,949,Yes
22402,1804,559,10372,10/22/2025,Heart Disease,Physiotherapy,2107,Yes
22403,1234,537,12976,12/7/2025,Back Pain,Surgery,4922,No
22404,1055,504,11060,4/17/2025,Back Pain,Lifestyle Advice,4270,Yes
22405,1931,541,11814,7/9/2025,Routine Checkup,Surgery,2884,No
22406,1292,545,11849,3/29/2025,Routine Checkup,Physiotherapy,435,Yes
22407,1752,534,11291,3/21/2025,Infection,Medication,903,No
22408,1312,587,12188,11/12/2025,Infection,Lifestyle Advice,462,No
22409,1548,513,10067,4/3/2024,Routine Checkup,Lifestyle Advice,2121,No
22410,1089,507,11015,2/7/2024,Migraine,Physiotherapy,2669,Yes
22411,1212,532,11554,4/26/2025,Back Pain,Lifestyle Advice,3130,No
22412,1957,523,11393,4/20/2024,Infection,Lifestyle Advice,2175,Yes
22413,1318,549,12309,2/13/2025,Migraine,Physiotherapy,3486,No
22414,1877,572,12675,6/16/2024,Hypertension,Observation,1004,No
22415,1757,547,11702,7/19/2025,Heart Disease,Physiotherapy,4558,No
22416,1465,537,10579,1/31/2025,Fever,Lifestyle Advice,2185,No
22417,1087,598,11606,5/6/2024,Hypertension,Physiotherapy,2811,No
22418,1409,548,11227,2/11/2024,Diabetes,Lifestyle Advice,3804,Yes
22419,1240,529,12687,2/10/2024,Infection,Surgery,243,Yes
22420,1832,537,11959,7/15/2025,Arthritis,Surgery,3749,No
22421,1700,523,11979,5/1/2025,Migraine,Medication,3368,Yes
22422,1057,538,10410,11/1/2025,Skin Allergy,Physiotherapy,1169,No
22423,1113,593,12881,2/2/2025,Skin Allergy,Physiotherapy,2285,Yes
22424,1735,544,11712,6/30/2024,Heart Disease,Surgery,2637,Yes
22425,1070,505,12161,6/29/2024,Diabetes,Surgery,4536,No
22426,1739,552,12671,11/8/2025,Routine Checkup,Surgery,401,No
22427,1768,540,12869,12/18/2025,Back Pain,Medication,2265,No
22428,1692,511,10840,4/8/2025,Flu,Medication,1860,No
22429,1184,578,10189,2/19/2024,Heart Disease,Observation,4346,Yes
22430,1703,502,10277,2/11/2025,Diabetes,Physiotherapy,2754,Yes
22431,1964,535,11761,2/4/2025,Flu,Medication,4967,No
22432,1744,545,12151,5/25/2024,Asthma,Lifestyle Advice,1548,No
22433,1276,549,12155,10/24/2024,Diabetes,Physiotherapy,731,Yes
22434,1233,535,11940,5/24/2024,Migraine,Observation,461,No
22435,1054,592,11978,1/16/2024,Skin Allergy,Surgery,4291,No
22436,1257,572,12805,3/25/2024,Routine Checkup,Observation,4487,Yes
22437,1090,532,12221,8/3/2024,Asthma,Physiotherapy,2174,No
22438,1738,568,10999,4/26/2025,Infection,Surgery,4500,No
22439,1759,571,10722,2/21/2024,Fever,Observation,2870,Yes
22440,1906,539,11215,7/1/2025,Routine Checkup,Observation,3017,No
22441,1663,548,11694,4/16/2024,Infection,Physiotherapy,868,No
22442,1435,591,12879,8/6/2024,Migraine,Medication,1085,No
22443,1625,537,12273,12/2/2024,Hypertension,Lifestyle Advice,304,No
22444,1408,560,11708,1/5/2025,Flu,Observation,966,Yes
22445,1269,581,12182,9/10/2024,Routine Checkup,Lifestyle Advice,2725,Yes
22446,1669,574,11061,2/8/2025,Hypertension,Physiotherapy,761,No
22447,1954,504,12141,8/2/2025,Infection,Physiotherapy,778,No
22448,1366,523,12123,11/29/2025,Arthritis,Medication,399,Yes
22449,1859,514,12804,9/27/2025,Skin Allergy,Surgery,357,Yes
22450,1351,505,12231,1/30/2024,Skin Allergy,Lifestyle Advice,2862,No
22451,1299,566,10717,7/3/2024,Diabetes,Observation,339,No
22452,1906,524,10459,10/15/2024,Flu,Surgery,3400,Yes
22453,1159,518,11702,12/24/2024,Back Pain,Lifestyle Advice,3645,No
22454,1487,527,10627,4/18/2025,Skin Allergy,Lifestyle Advice,2365,Yes
22455,1842,524,12457,7/18/2025,Flu,Surgery,2612,Yes
22456,1984,529,10207,2/3/2025,Migraine,Surgery,4390,Yes
22457,1737,511,11357,11/19/2025,Routine Checkup,Medication,4551,No
22458,1526,518,10673,5/12/2024,Flu,Observation,4760,No
22459,1355,504,11978,5/16/2025,Fever,Observation,4503,No
22460,1621,533,11940,5/17/2025,Diabetes,Observation,508,Yes
22461,1930,578,12796,3/17/2024,Flu,Surgery,620,No
22462,1401,542,10273,12/15/2024,Infection,Medication,2632,Yes
22463,1405,532,12427,2/29/2024,Routine Checkup,Physiotherapy,3984,No
22464,1096,551,12674,3/30/2025,Arthritis,Medication,1976,No
22465,1707,504,12712,4/9/2025,Back Pain,Surgery,2841,Yes
22466,1570,520,11050,11/6/2024,Fever,Medication,3632,Yes
22467,1975,585,12728,3/31/2024,Flu,Surgery,750,No
22468,1392,567,12592,10/24/2024,Back Pain,Lifestyle Advice,2944,No
22469,1352,589,12781,11/20/2024,Back Pain,Lifestyle Advice,2258,Yes
22470,1806,568,11878,10/6/2024,Routine Checkup,Physiotherapy,2751,No
22471,1666,562,10091,12/11/2025,Skin Allergy,Lifestyle Advice,2367,Yes
22472,1576,558,10476,4/27/2024,Routine Checkup,Physiotherapy,1128,Yes
22473,1670,547,12047,11/25/2025,Infection,Observation,1655,No
22474,1777,575,10726,7/20/2025,Heart Disease,Surgery,4864,No
22475,1633,580,11212,9/27/2024,Fever,Observation,612,No
22476,1288,559,10534,5/31/2025,Fever,Observation,1335,Yes
22477,1523,600,12746,4/10/2024,Hypertension,Physiotherapy,218,No
22478,1726,506,12928,1/22/2025,Diabetes,Surgery,4580,No
22479,1162,595,10085,10/12/2024,Hypertension,Physiotherapy,359,No
22480,1617,540,12640,2/22/2024,Asthma,Medication,1298,No
22481,1914,577,10841,12/30/2025,Diabetes,Observation,2249,No
22482,1659,523,10077,8/27/2024,Heart Disease,Surgery,2532,Yes
22483,1182,552,12378,8/1/2024,Migraine,Observation,1059,No
22484,1850,504,12431,9/7/2025,Infection,Medication,3048,Yes
22485,1549,537,12425,12/26/2024,Heart Disease,Medication,665,No
22486,1082,542,12389,12/29/2024,Heart Disease,Surgery,4202,No
22487,1524,544,11201,12/1/2025,Diabetes,Surgery,2479,No
22488,1004,597,12472,11/22/2024,Routine Checkup,Medication,3550,No
22489,1495,542,11991,4/20/2025,Heart Disease,Observation,544,No
22490,1555,529,12222,9/2/2025,Flu,Lifestyle Advice,3639,No
22491,1923,519,10406,4/6/2024,Routine Checkup,Observation,2808,No
22492,1051,584,12130,11/22/2024,Asthma,Lifestyle Advice,2435,No
22493,1261,532,10021,3/13/2024,Heart Disease,Physiotherapy,1135,No
22494,1134,544,12739,9/12/2024,Migraine,Surgery,3144,Yes
22495,1973,555,10398,6/18/2024,Fever,Medication,1386,No
22496,1599,580,12378,11/28/2024,Back Pain,Physiotherapy,1558,Yes
22497,1362,505,12273,6/5/2024,Arthritis,Observation,2320,No
22498,1568,546,11801,2/22/2025,Routine Checkup,Lifestyle Advice,1730,No
22499,1217,576,12829,4/2/2025,Diabetes,Surgery,4127,Yes
22500,1878,545,11809,4/8/2024,Flu,Lifestyle Advice,3216,Yes
22501,1068,521,10894,8/31/2024,Heart Disease,Observation,3054,No
22502,1864,578,11945,4/21/2025,Hypertension,Observation,4932,Yes
22503,1556,522,10438,3/16/2025,Back Pain,Medication,4612,No
22504,1143,530,11296,7/12/2024,Infection,Physiotherapy,363,No
22505,1346,523,11304,1/9/2025,Skin Allergy,Surgery,4299,No
22506,1554,505,10223,10/23/2025,Fever,Medication,320,Yes
22507,1651,563,11611,1/1/2025,Migraine,Lifestyle Advice,433,Yes
22508,1585,593,11961,6/3/2024,Fever,Physiotherapy,4613,No
22509,1779,559,10509,5/13/2025,Arthritis,Surgery,1424,No
22510,1194,594,12665,6/17/2025,Back Pain,Lifestyle Advice,2782,No
22511,1667,582,11066,4/2/2025,Heart Disease,Surgery,1060,Yes
22512,1246,552,11200,9/19/2025,Back Pain,Surgery,1580,Yes
22513,1314,565,11269,4/22/2024,Diabetes,Physiotherapy,535,Yes
22514,1730,539,11277,12/23/2025,Heart Disease,Lifestyle Advice,2541,No
22515,1968,581,11298,1/24/2024,Arthritis,Medication,142,No
22516,1384,503,10604,10/9/2024,Diabetes,Medication,1065,No
22517,1765,542,11035,10/18/2024,Infection,Medication,4206,No
22518,1789,571,12200,12/28/2024,Migraine,Surgery,315,No
22519,1277,527,10189,2/4/2025,Skin Allergy,Observation,3335,No
22520,1072,528,10676,7/21/2025,Migraine,Physiotherapy,4420,No
22521,1129,554,10638,9/22/2024,Back Pain,Medication,2805,No
22522,1358,595,12259,2/23/2024,Heart Disease,Physiotherapy,872,No
22523,1698,515,11997,9/11/2025,Asthma,Surgery,1922,Yes
22524,1525,553,11845,12/14/2025,Back Pain,Physiotherapy,4211,Yes
22525,1841,572,12387,12/14/2025,Diabetes,Medication,3255,No
22526,1220,570,10047,2/25/2025,Routine Checkup,Medication,3380,No
22527,1006,592,10820,4/18/2025,Migraine,Surgery,157,No
22528,1751,504,11081,12/30/2025,Skin Allergy,Surgery,3789,No
22529,1983,594,11278,8/30/2024,Hypertension,Lifestyle Advice,4843,No
22530,1624,517,12885,12/19/2024,Back Pain,Surgery,1943,No
22531,1228,534,13000,1/22/2025,Fever,Observation,560,No
22532,1954,506,12646,6/26/2024,Migraine,Observation,3760,Yes
22533,1017,536,12218,4/19/2025,Routine Checkup,Medication,1068,Yes
22534,1585,599,11170,7/26/2025,Migraine,Surgery,3915,No
22535,1012,539,12887,2/8/2025,Flu,Observation,2839,Yes
22536,1598,580,11057,2/5/2024,Hypertension,Observation,389,Yes
22537,1499,566,11539,12/23/2024,Asthma,Lifestyle Advice,3385,Yes
22538,1692,508,10796,7/11/2025,Hypertension,Surgery,1220,No
22539,1634,515,12863,8/29/2025,Routine Checkup,Lifestyle Advice,832,No
22540,1716,563,12390,11/22/2024,Arthritis,Physiotherapy,3676,No
22541,1502,591,10048,2/13/2024,Back Pain,Lifestyle Advice,3882,No
22542,1070,580,12412,11/15/2024,Routine Checkup,Physiotherapy,4771,No
22543,1108,565,11422,10/19/2025,Back Pain,Physiotherapy,2891,Yes
22544,1201,559,11219,4/16/2025,Diabetes,Surgery,2138,Yes
22545,1052,510,11761,9/25/2024,Migraine,Physiotherapy,3618,Yes
22546,1549,507,10725,6/8/2025,Migraine,Physiotherapy,3955,No
22547,1629,574,11345,1/25/2024,Diabetes,Lifestyle Advice,4158,Yes
22548,1259,576,11818,10/1/2025,Heart Disease,Surgery,4535,Yes
22549,1482,581,10138,7/4/2025,Hypertension,Surgery,3617,Yes
22550,1264,512,10355,6/5/2024,Arthritis,Physiotherapy,2256,No
22551,1906,579,11869,7/3/2024,Heart Disease,Lifestyle Advice,2977,No
22552,1303,546,11094,6/22/2024,Fever,Lifestyle Advice,1167,No
22553,1937,532,10811,1/28/2025,Back Pain,Lifestyle Advice,4537,No
22554,1576,532,11606,7/4/2024,Fever,Lifestyle Advice,3150,Yes
22555,1554,590,11744,10/7/2024,Fever,Medication,4020,No
22556,1555,578,12760,8/8/2025,Back Pain,Physiotherapy,1227,No
22557,1125,590,10059,10/21/2024,Fever,Physiotherapy,4167,Yes
22558,1905,561,10771,6/11/2025,Arthritis,Physiotherapy,1090,Yes
22559,1270,569,10389,7/6/2024,Arthritis,Surgery,3586,No
22560,1997,561,12894,2/15/2025,Diabetes,Surgery,4827,No
22561,1859,546,12917,11/14/2025,Skin Allergy,Lifestyle Advice,1525,No
22562,1745,568,10339,7/4/2024,Back Pain,Surgery,1557,Yes
22563,1480,592,10757,6/27/2025,Back Pain,Observation,3554,No
22564,1132,555,10596,7/28/2025,Back Pain,Physiotherapy,1151,No
22565,1002,501,10436,10/27/2024,Hypertension,Physiotherapy,2687,No
22566,1115,577,11474,11/4/2024,Diabetes,Medication,3357,No
22567,1481,567,10377,7/7/2024,Arthritis,Medication,2342,Yes
22568,1981,549,11983,2/14/2025,Arthritis,Observation,4967,Yes
22569,1001,525,12439,6/21/2025,Migraine,Medication,971,Yes
22570,1331,516,12529,1/21/2025,Flu,Lifestyle Advice,227,No
22571,1577,585,12869,7/4/2025,Asthma,Lifestyle Advice,205,Yes
22572,1942,513,10114,7/11/2024,Skin Allergy,Physiotherapy,1506,No
22573,1955,552,10774,6/11/2024,Back Pain,Lifestyle Advice,3894,No
22574,1971,536,11927,2/22/2024,Diabetes,Medication,3520,Yes
22575,1637,572,12220,4/19/2025,Back Pain,Observation,2461,No
22576,1768,544,10018,6/22/2024,Migraine,Lifestyle Advice,3694,No
22577,1391,583,10235,7/14/2024,Skin Allergy,Physiotherapy,1100,No
22578,1834,547,11334,7/29/2024,Infection,Physiotherapy,3531,No
22579,1143,580,11693,11/30/2025,Migraine,Medication,4579,No
22580,1328,576,12771,1/24/2025,Migraine,Lifestyle Advice,4212,No
22581,1758,520,10281,11/3/2024,Migraine,Medication,1493,No
22582,1628,518,10831,4/1/2025,Arthritis,Physiotherapy,1971,No
22583,1377,554,11139,11/26/2024,Asthma,Observation,1189,No
22584,1815,512,11696,12/26/2025,Hypertension,Lifestyle Advice,4266,No
22585,1090,525,11691,5/9/2025,Back Pain,Observation,3232,No
22586,1808,560,11587,11/24/2024,Infection,Lifestyle Advice,4639,Yes
22587,1042,575,10418,1/29/2024,Arthritis,Physiotherapy,3116,No
22588,1947,586,12332,11/13/2025,Heart Disease,Lifestyle Advice,2630,Yes
22589,1035,534,10585,5/1/2024,Arthritis,Physiotherapy,3415,No
22590,1494,513,11352,4/2/2025,Back Pain,Surgery,3992,No
22591,1553,538,11365,2/21/2025,Diabetes,Physiotherapy,2664,No
22592,1853,512,12670,6/7/2024,Skin Allergy,Physiotherapy,1493,No
22593,1124,536,12269,8/20/2025,Fever,Lifestyle Advice,3192,No
22594,1057,528,12057,5/30/2025,Migraine,Observation,2845,No
22595,1806,591,11933,1/2/2024,Diabetes,Physiotherapy,820,No
22596,1456,539,10832,10/6/2025,Fever,Lifestyle Advice,4426,Yes
22597,1235,577,12423,10/28/2024,Skin Allergy,Physiotherapy,3697,Yes
22598,1608,543,10534,3/19/2024,Arthritis,Medication,3865,No
22599,1392,591,11123,10/20/2025,Diabetes,Medication,3249,No
22600,1492,531,11706,11/8/2025,Back Pain,Medication,3980,Yes
22601,1970,502,12750,11/10/2024,Migraine,Medication,4758,Yes
22602,1831,582,12880,11/23/2024,Skin Allergy,Observation,4964,Yes
22603,1343,590,12825,10/2/2024,Migraine,Physiotherapy,389,No
22604,1644,542,11406,12/16/2025,Skin Allergy,Medication,4118,Yes
22605,1176,531,11887,3/27/2025,Asthma,Lifestyle Advice,494,Yes
22606,1052,561,12988,7/18/2025,Diabetes,Medication,475,Yes
22607,1550,556,10447,4/30/2025,Migraine,Surgery,4977,No
22608,1478,586,12728,4/16/2024,Fever,Surgery,2239,No
22609,1489,600,12392,7/20/2025,Arthritis,Observation,2074,No
22610,1855,583,12473,9/2/2024,Arthritis,Surgery,2558,Yes
22611,1005,514,10625,6/12/2024,Diabetes,Lifestyle Advice,4601,No
22612,1725,514,11864,6/10/2025,Infection,Medication,2779,Yes
22613,1632,529,12354,1/1/2024,Hypertension,Surgery,3709,Yes
22614,1838,581,12196,5/16/2024,Routine Checkup,Surgery,2300,No
22615,1881,550,12897,5/30/2024,Hypertension,Observation,4496,No
22616,1209,550,10732,6/28/2024,Routine Checkup,Surgery,512,No
22617,1217,563,12502,5/1/2025,Heart Disease,Medication,1478,No
22618,1536,573,10938,11/30/2025,Migraine,Physiotherapy,1193,Yes
22619,1342,565,12081,1/18/2024,Back Pain,Medication,4786,No
22620,1717,568,11756,8/12/2024,Infection,Surgery,810,Yes
22621,1401,571,11525,4/14/2024,Hypertension,Surgery,3550,Yes
22622,1462,511,11721,12/18/2025,Infection,Surgery,3586,Yes
22623,1738,514,11217,11/28/2025,Flu,Observation,4992,No
22624,1730,583,11204,3/5/2024,Infection,Lifestyle Advice,3599,No
22625,1211,503,11891,11/28/2024,Routine Checkup,Medication,3327,Yes
22626,1026,508,11542,1/6/2025,Diabetes,Surgery,1711,Yes
22627,1252,593,10391,7/25/2024,Routine Checkup,Physiotherapy,830,No
22628,1003,543,12405,8/16/2024,Flu,Observation,709,No
22629,1002,509,12621,8/3/2025,Fever,Lifestyle Advice,2440,No
22630,1604,519,12512,5/21/2024,Asthma,Surgery,1567,Yes
22631,1002,512,12978,12/18/2025,Diabetes,Medication,1658,No
22632,1150,527,10099,11/16/2025,Diabetes,Physiotherapy,2619,No
22633,1583,558,12196,12/9/2025,Arthritis,Observation,329,No
22634,1004,525,10570,11/26/2024,Fever,Medication,4552,Yes
22635,1497,545,10727,12/9/2025,Flu,Medication,640,No
22636,1550,548,11002,9/27/2024,Migraine,Observation,2974,Yes
22637,1871,550,11571,12/11/2025,Arthritis,Medication,1035,No
22638,1468,581,10303,11/20/2024,Heart Disease,Physiotherapy,3192,Yes
22639,1070,544,12052,6/10/2025,Routine Checkup,Physiotherapy,3746,No
22640,1201,559,12826,12/28/2025,Back Pain,Medication,2792,Yes
22641,1308,533,12155,6/30/2025,Flu,Surgery,4722,No
22642,1252,578,12123,3/9/2024,Migraine,Medication,3169,No
22643,1287,528,11064,7/30/2024,Heart Disease,Surgery,4818,No
22644,1922,518,10639,7/11/2025,Flu,Medication,2998,No
22645,1292,555,12743,1/16/2025,Skin Allergy,Lifestyle Advice,3507,Yes
22646,1154,533,11143,2/23/2025,Asthma,Physiotherapy,4619,Yes
22647,1924,515,12121,8/19/2025,Skin Allergy,Medication,1998,No
22648,1133,561,10552,2/17/2024,Skin Allergy,Physiotherapy,103,No
22649,1883,511,10977,8/18/2024,Heart Disease,Observation,4664,Yes
22650,1586,536,10096,8/1/2025,Hypertension,Lifestyle Advice,4859,No
22651,1274,515,12932,4/21/2025,Skin Allergy,Surgery,3725,Yes
22652,1783,553,11192,3/29/2024,Fever,Observation,3034,No
22653,1697,562,12325,2/21/2024,Flu,Lifestyle Advice,4733,Yes
22654,1509,548,12307,6/17/2025,Flu,Observation,2507,Yes
22655,1353,594,10046,2/25/2025,Back Pain,Physiotherapy,2667,Yes
22656,1005,515,10346,9/2/2025,Infection,Lifestyle Advice,1196,No
22657,1293,563,10847,3/21/2025,Migraine,Observation,2085,Yes
22658,1360,587,12943,5/10/2024,Heart Disease,Surgery,3249,No
22659,1598,543,11077,8/22/2025,Fever,Lifestyle Advice,1457,No
22660,1214,550,11172,10/9/2025,Back Pain,Lifestyle Advice,178,Yes
22661,1406,560,11557,1/8/2025,Back Pain,Observation,1674,No
22662,1436,559,10233,7/4/2025,Hypertension,Medication,1705,No
22663,1015,515,10051,6/13/2025,Arthritis,Surgery,4351,No
22664,1273,529,10665,4/14/2024,Fever,Surgery,3086,No
22665,1563,575,10451,1/21/2025,Asthma,Observation,127,Yes
22666,1765,582,11363,10/19/2025,Hypertension,Physiotherapy,2010,Yes
22667,1045,540,10351,12/1/2024,Migraine,Physiotherapy,4805,Yes
22668,1703,531,12697,4/26/2024,Infection,Medication,1452,No
22669,1634,573,11309,1/1/2024,Fever,Medication,3834,No
22670,1412,586,12926,9/20/2025,Hypertension,Observation,518,Yes
22671,1187,511,10583,6/21/2025,Arthritis,Physiotherapy,4217,No
22672,1726,581,10245,3/11/2025,Infection,Surgery,360,Yes
22673,1661,597,10550,5/10/2025,Fever,Physiotherapy,2207,Yes
22674,1170,562,10728,1/12/2024,Migraine,Observation,3084,No
22675,1721,575,10639,10/20/2024,Arthritis,Physiotherapy,4391,Yes
22676,1965,508,10584,5/22/2025,Routine Checkup,Lifestyle Advice,1004,Yes
22677,1594,551,12274,11/11/2025,Routine Checkup,Observation,2326,Yes
22678,1401,557,12875,7/18/2025,Asthma,Lifestyle Advice,3953,No
22679,1708,504,10441,5/7/2024,Migraine,Observation,4520,No
22680,1246,536,11468,3/16/2024,Routine Checkup,Surgery,667,No
22681,1903,519,11820,9/25/2024,Migraine,Observation,878,No
22682,1857,524,10412,5/25/2024,Hypertension,Observation,1025,Yes
22683,1869,541,10814,2/6/2025,Routine Checkup,Observation,3338,Yes
22684,1552,549,10246,5/13/2025,Heart Disease,Observation,3579,No
22685,1680,582,10583,7/13/2025,Migraine,Medication,1715,Yes
22686,1043,597,11731,7/17/2024,Routine Checkup,Lifestyle Advice,1949,No
22687,1841,546,12548,8/5/2025,Flu,Observation,2043,No
22688,1723,536,10982,5/17/2025,Asthma,Observation,2470,No
22689,1179,510,11975,8/26/2025,Infection,Medication,141,Yes
22690,1457,578,10550,2/6/2025,Heart Disease,Physiotherapy,3290,No
22691,1535,507,12165,7/27/2024,Heart Disease,Medication,4769,Yes
22692,1607,512,11388,12/7/2024,Flu,Medication,1920,No
22693,1672,586,11938,2/17/2024,Arthritis,Medication,540,Yes
22694,1244,591,10204,6/24/2025,Routine Checkup,Observation,203,No
22695,1927,548,10351,6/24/2024,Heart Disease,Medication,668,No
22696,1017,537,10319,5/25/2025,Asthma,Medication,556,No
22697,1112,575,12988,1/19/2024,Migraine,Medication,410,No
22698,1615,536,12537,5/9/2025,Heart Disease,Observation,2007,No
22699,1826,560,11693,12/20/2024,Back Pain,Surgery,1807,Yes
22700,1598,577,10107,7/12/2025,Heart Disease,Surgery,3555,No
22701,1547,596,12702,12/10/2024,Asthma,Physiotherapy,1791,Yes
22702,1030,508,12220,2/29/2024,Heart Disease,Observation,4602,Yes
22703,1192,507,12567,11/18/2025,Infection,Medication,2992,No
22704,1437,543,11879,8/16/2024,Arthritis,Medication,680,No
22705,1179,558,10958,5/26/2024,Skin Allergy,Medication,2115,Yes
22706,1616,581,12861,10/24/2024,Infection,Surgery,4155,No
22707,1677,586,12576,11/28/2024,Routine Checkup,Medication,2744,Yes
22708,1474,546,12368,11/27/2024,Infection,Medication,1960,No
22709,1634,534,11061,3/8/2025,Diabetes,Surgery,3784,No
22710,1134,584,12547,2/2/2025,Back Pain,Medication,3975,No
22711,1802,572,12313,11/30/2025,Routine Checkup,Physiotherapy,3391,Yes
22712,1312,522,11692,11/30/2024,Flu,Lifestyle Advice,3331,Yes
22713,1736,591,11673,7/27/2024,Routine Checkup,Physiotherapy,286,Yes
22714,1025,598,12956,2/14/2025,Infection,Observation,3043,Yes
22715,1371,521,10402,8/9/2025,Asthma,Physiotherapy,4127,No
22716,1525,515,10602,11/25/2025,Fever,Physiotherapy,1722,No
22717,1319,505,13000,8/21/2025,Asthma,Surgery,2611,No
22718,1230,517,10218,9/27/2024,Asthma,Observation,2477,No
22719,1102,572,12378,6/28/2024,Back Pain,Physiotherapy,1990,No
22720,1450,519,10186,2/18/2025,Skin Allergy,Lifestyle Advice,4685,Yes
22721,1378,505,12257,12/11/2024,Hypertension,Physiotherapy,379,Yes
22722,1888,523,10288,6/2/2025,Asthma,Medication,954,Yes
22723,1901,583,10088,3/13/2025,Back Pain,Surgery,497,No
22724,1203,514,12184,1/13/2024,Infection,Medication,4623,No
22725,1267,510,12206,2/7/2025,Hypertension,Observation,3603,No
22726,1984,531,12842,1/14/2025,Flu,Observation,4570,Yes
22727,1462,513,12968,11/22/2025,Routine Checkup,Surgery,3971,No
22728,1365,522,10155,2/24/2025,Fever,Physiotherapy,3895,No
22729,1734,537,10220,6/28/2024,Migraine,Observation,731,Yes
22730,1104,539,11483,9/29/2025,Hypertension,Lifestyle Advice,3136,No
22731,1111,510,10322,10/9/2024,Back Pain,Surgery,4892,Yes
22732,1428,531,12739,2/21/2025,Arthritis,Medication,1027,No
22733,1995,543,10841,12/21/2024,Back Pain,Lifestyle Advice,2127,No
22734,1469,599,11586,12/2/2025,Infection,Surgery,1765,Yes
22735,1581,577,11837,1/16/2024,Flu,Lifestyle Advice,177,No
22736,1870,594,12560,11/10/2024,Routine Checkup,Surgery,4683,Yes
22737,1770,598,12135,6/16/2025,Back Pain,Medication,3341,No
22738,1680,536,11569,1/16/2024,Asthma,Physiotherapy,1161,No
22739,1805,535,12323,4/9/2025,Arthritis,Surgery,3461,No
22740,1886,568,12189,4/7/2025,Skin Allergy,Observation,4366,Yes
22741,1561,555,11760,6/28/2025,Asthma,Medication,4837,No
22742,1250,568,10625,11/24/2025,Diabetes,Medication,1799,No
22743,1482,547,12964,3/9/2024,Back Pain,Lifestyle Advice,391,Yes
22744,1331,506,10353,2/14/2025,Hypertension,Observation,680,Yes
22745,1932,528,11029,2/21/2024,Skin Allergy,Lifestyle Advice,4617,No
22746,1587,530,12430,3/5/2024,Routine Checkup,Medication,4300,No
22747,1201,527,11358,4/11/2025,Flu,Surgery,979,No
22748,1454,569,10475,9/28/2024,Flu,Observation,1582,No
22749,1504,539,12010,3/14/2025,Diabetes,Medication,2395,No
22750,1546,535,10928,6/13/2025,Heart Disease,Observation,3544,No
22751,1826,544,10030,12/30/2025,Skin Allergy,Surgery,1229,No
22752,1111,515,12970,9/29/2024,Back Pain,Physiotherapy,414,No
22753,1933,583,12642,4/3/2025,Infection,Lifestyle Advice,708,No
22754,1864,594,12541,6/21/2024,Infection,Lifestyle Advice,4025,No
22755,1828,532,10495,7/21/2025,Fever,Medication,3092,No
22756,1908,529,10388,6/4/2025,Flu,Medication,2686,No
22757,1749,563,10873,5/11/2025,Flu,Surgery,2219,No
22758,1544,506,10835,6/17/2025,Back Pain,Medication,477,No
22759,1209,590,10630,3/12/2024,Flu,Medication,233,No
22760,1644,527,12987,6/20/2024,Asthma,Medication,3345,Yes
22761,1618,599,10030,9/26/2025,Asthma,Observation,1916,No
22762,1033,528,12671,8/25/2025,Fever,Observation,4588,No
22763,1555,505,10807,10/18/2024,Routine Checkup,Physiotherapy,3235,Yes
22764,1880,541,12390,9/8/2024,Arthritis,Observation,4610,No
22765,1107,556,11833,2/12/2025,Heart Disease,Lifestyle Advice,1236,Yes
22766,1265,554,11311,1/1/2025,Fever,Physiotherapy,1851,No
22767,1226,580,11969,9/12/2024,Hypertension,Medication,389,No
22768,1487,518,11961,6/8/2025,Skin Allergy,Lifestyle Advice,1606,No
22769,1179,577,10244,3/15/2025,Heart Disease,Physiotherapy,1438,No
22770,1222,543,10221,11/30/2024,Fever,Physiotherapy,2991,No
22771,1370,589,11180,9/21/2025,Migraine,Lifestyle Advice,2084,No
22772,1637,574,11407,3/10/2025,Infection,Physiotherapy,851,No
22773,1788,529,11772,11/20/2025,Heart Disease,Lifestyle Advice,3689,Yes
22774,1167,510,11344,4/5/2025,Flu,Physiotherapy,848,Yes
22775,1663,506,12421,11/3/2024,Diabetes,Physiotherapy,464,No
22776,1553,580,10531,11/3/2025,Back Pain,Physiotherapy,366,No
22777,1300,589,12263,4/4/2024,Arthritis,Lifestyle Advice,4601,Yes
22778,1381,504,12415,2/12/2025,Hypertension,Physiotherapy,3921,Yes
22779,1035,534,12162,6/16/2024,Fever,Observation,4334,Yes
22780,1407,583,10025,3/27/2024,Asthma,Observation,1288,No
22781,1502,533,12982,1/3/2024,Infection,Observation,3277,No
22782,1314,504,11145,1/6/2025,Routine Checkup,Observation,3320,Yes
22783,1816,544,11766,6/11/2025,Arthritis,Observation,2930,Yes
22784,1743,598,12659,10/3/2025,Back Pain,Medication,802,No
22785,1727,576,10858,1/23/2024,Hypertension,Physiotherapy,1798,Yes
22786,1826,531,11027,4/7/2024,Asthma,Surgery,300,No
22787,1101,580,10898,10/31/2025,Skin Allergy,Medication,4813,No
22788,1569,566,10773,6/5/2025,Infection,Lifestyle Advice,3898,No
22789,1215,558,12493,11/16/2024,Routine Checkup,Medication,2113,Yes
22790,1935,560,10020,6/17/2025,Infection,Surgery,3641,Yes
22791,1668,502,11228,1/1/2025,Skin Allergy,Medication,2109,No
22792,1576,536,10806,7/2/2024,Migraine,Physiotherapy,3605,No
22793,1062,570,11381,2/20/2025,Fever,Observation,3200,No
22794,1851,560,12176,12/29/2025,Flu,Physiotherapy,4259,Yes
22795,1369,523,12406,8/1/2024,Hypertension,Medication,3837,No
22796,1368,547,10881,10/31/2025,Asthma,Surgery,1811,Yes
22797,1574,546,11334,7/28/2024,Routine Checkup,Lifestyle Advice,4446,No
22798,1094,580,11685,5/12/2024,Heart Disease,Physiotherapy,1829,Yes
22799,1469,544,12965,2/22/2024,Asthma,Surgery,3450,No
22800,1984,519,11606,11/25/2025,Diabetes,Lifestyle Advice,4234,Yes
22801,1853,549,11108,1/23/2024,Skin Allergy,Observation,168,No
22802,1026,588,12558,4/15/2024,Migraine,Physiotherapy,4472,No
22803,1435,558,10444,8/25/2025,Heart Disease,Physiotherapy,3291,No
22804,1121,591,12043,9/22/2025,Routine Checkup,Observation,1209,Yes
22805,1050,507,11229,4/4/2025,Hypertension,Observation,3118,No
22806,1883,594,11512,10/11/2025,Flu,Medication,2753,No
22807,1764,541,10779,4/26/2025,Migraine,Lifestyle Advice,440,No
22808,1036,578,12300,4/29/2024,Diabetes,Surgery,520,No
22809,1410,515,11747,11/3/2025,Flu,Observation,2375,No
22810,1289,576,11879,7/26/2024,Infection,Medication,2018,Yes
22811,1379,553,11055,11/13/2024,Skin Allergy,Lifestyle Advice,572,No
22812,1100,593,10421,12/3/2024,Fever,Lifestyle Advice,2235,Yes
22813,1324,523,11852,6/3/2024,Fever,Physiotherapy,3521,No
22814,1329,577,12109,6/3/2024,Skin Allergy,Medication,3128,No
22815,1648,573,10579,1/28/2025,Hypertension,Medication,2187,No
22816,1706,588,11250,5/19/2025,Asthma,Physiotherapy,3458,No
22817,1221,594,11987,11/8/2024,Skin Allergy,Surgery,355,Yes
22818,1791,565,11359,9/15/2024,Arthritis,Observation,3969,No
22819,1838,560,12627,6/5/2024,Heart Disease,Physiotherapy,1543,No
22820,1567,510,12688,1/14/2024,Skin Allergy,Observation,638,Yes
22821,1939,558,10111,3/17/2024,Hypertension,Medication,3487,No
22822,1996,547,10491,12/4/2024,Skin Allergy,Physiotherapy,1923,No
22823,1110,515,11296,2/12/2025,Hypertension,Surgery,957,Yes
22824,1149,509,11837,1/28/2025,Skin Allergy,Observation,231,No
22825,1406,513,12082,8/7/2024,Flu,Observation,3015,No
22826,1777,523,12260,3/8/2025,Heart Disease,Observation,4936,No
22827,1674,533,11397,3/30/2025,Flu,Medication,2686,No
22828,1699,509,12173,10/15/2025,Asthma,Observation,3474,Yes
22829,1410,503,11742,5/19/2024,Skin Allergy,Lifestyle Advice,2131,No
22830,1129,594,10894,5/12/2025,Infection,Observation,2025,No
22831,1484,573,12379,10/15/2025,Flu,Medication,2101,Yes
22832,1108,525,11876,10/2/2025,Migraine,Physiotherapy,4477,No
22833,1389,588,11950,6/13/2025,Hypertension,Observation,2427,Yes
22834,1425,596,11594,11/6/2025,Skin Allergy,Observation,3671,Yes
22835,1447,571,10412,4/5/2024,Diabetes,Physiotherapy,3471,No
22836,1918,536,11423,1/28/2024,Routine Checkup,Lifestyle Advice,4081,Yes
22837,1068,589,12982,8/17/2024,Hypertension,Medication,765,No
22838,1944,520,11677,2/19/2025,Heart Disease,Physiotherapy,1746,No
22839,1066,581,11187,3/31/2025,Skin Allergy,Medication,4666,Yes
22840,1656,554,11647,1/25/2024,Routine Checkup,Physiotherapy,4607,Yes
22841,1976,600,12712,11/17/2025,Routine Checkup,Surgery,4708,Yes
22842,1565,590,11089,2/7/2025,Heart Disease,Lifestyle Advice,1263,Yes
22843,1640,519,11240,11/3/2025,Diabetes,Surgery,3025,Yes
22844,1504,560,10603,6/25/2025,Skin Allergy,Physiotherapy,4614,No
22845,1504,537,11938,6/13/2024,Asthma,Physiotherapy,4098,No
22846,1982,503,10026,7/26/2024,Infection,Medication,924,Yes
22847,1321,592,12717,9/5/2025,Fever,Physiotherapy,832,No
22848,1719,586,10584,1/7/2025,Infection,Medication,4586,Yes
22849,1832,519,11068,9/9/2025,Hypertension,Medication,1687,No
22850,1728,553,11114,3/9/2024,Skin Allergy,Physiotherapy,3764,Yes
22851,1580,546,11157,6/3/2025,Back Pain,Medication,4856,Yes
22852,1447,580,11185,9/26/2025,Back Pain,Lifestyle Advice,126,No
22853,1574,556,11768,12/18/2024,Heart Disease,Surgery,2770,No
22854,1210,570,10380,4/10/2024,Heart Disease,Physiotherapy,983,No
22855,1849,531,11285,1/1/2024,Flu,Medication,226,No
22856,1839,553,11407,12/16/2024,Hypertension,Medication,1579,Yes
22857,1370,534,10369,1/7/2024,Diabetes,Medication,2428,No
22858,1941,531,11101,11/13/2024,Flu,Medication,418,No
22859,1564,560,12257,9/14/2025,Hypertension,Lifestyle Advice,2588,Yes
22860,1628,511,11037,5/23/2025,Migraine,Physiotherapy,440,No
22861,1893,600,11945,7/4/2024,Routine Checkup,Physiotherapy,4889,No
22862,1458,506,11594,12/28/2025,Migraine,Lifestyle Advice,4314,No
22863,1895,527,11922,4/6/2025,Hypertension,Lifestyle Advice,4973,No
22864,1577,507,10025,12/8/2024,Migraine,Lifestyle Advice,4195,No
22865,1642,549,10546,9/26/2025,Skin Allergy,Physiotherapy,4580,No
22866,1689,596,11164,12/13/2025,Arthritis,Observation,1705,No
22867,1790,572,10275,1/8/2024,Heart Disease,Surgery,4281,No
22868,1992,560,12922,7/29/2025,Arthritis,Lifestyle Advice,2508,No
22869,1925,533,12270,5/15/2024,Migraine,Lifestyle Advice,3153,No
22870,1163,547,12923,1/17/2025,Hypertension,Physiotherapy,2939,No
22871,1977,544,11153,7/4/2024,Asthma,Physiotherapy,1208,No
22872,1332,579,11347,9/30/2025,Infection,Surgery,4554,No
22873,1664,527,11457,1/6/2025,Fever,Medication,3304,No
22874,1350,594,12266,7/14/2025,Fever,Physiotherapy,3312,Yes
22875,1748,522,11871,6/14/2024,Migraine,Surgery,4642,No
22876,1670,547,11272,9/30/2025,Infection,Physiotherapy,2025,No
22877,1468,593,10111,11/16/2024,Infection,Physiotherapy,1178,No
22878,1426,548,12864,11/19/2025,Asthma,Physiotherapy,4500,No
22879,1327,530,11756,12/15/2025,Infection,Observation,2076,No
22880,1106,502,10708,6/5/2024,Hypertension,Observation,2918,Yes
22881,1818,515,12195,10/11/2024,Arthritis,Lifestyle Advice,4729,No
22882,1255,547,11368,1/28/2024,Arthritis,Observation,2182,Yes
22883,1358,527,11529,12/16/2024,Flu,Surgery,3660,No
22884,1967,571,10552,3/23/2024,Hypertension,Physiotherapy,2829,Yes
22885,1444,527,10134,9/15/2025,Flu,Observation,1263,No
22886,1113,585,12512,10/27/2025,Flu,Physiotherapy,1114,No
22887,1030,513,12912,1/4/2025,Migraine,Medication,4836,No
22888,1524,555,12014,6/24/2025,Skin Allergy,Lifestyle Advice,3544,No
22889,1689,517,11187,1/29/2025,Skin Allergy,Observation,858,No
22890,1991,575,12504,4/24/2025,Diabetes,Physiotherapy,3194,No
22891,1850,559,11085,7/31/2024,Diabetes,Medication,4479,Yes
22892,1046,510,11029,9/5/2025,Flu,Lifestyle Advice,212,Yes
22893,1171,533,11061,12/25/2024,Infection,Lifestyle Advice,2520,Yes
22894,1130,578,12508,8/1/2024,Diabetes,Medication,4392,Yes
22895,1757,537,11761,10/30/2024,Fever,Observation,921,No
22896,1353,508,12023,6/3/2024,Arthritis,Observation,3739,Yes
22897,1203,533,11752,1/14/2025,Flu,Physiotherapy,2545,No
22898,1226,507,12187,7/18/2024,Asthma,Surgery,2299,Yes
22899,1080,534,12666,11/10/2025,Asthma,Physiotherapy,4386,No
22900,1310,571,12728,8/25/2024,Migraine,Physiotherapy,1919,No
22901,1035,507,12647,11/1/2025,Migraine,Physiotherapy,376,No
22902,1564,541,10596,12/5/2025,Skin Allergy,Medication,1366,No
22903,1161,600,10011,6/15/2024,Arthritis,Lifestyle Advice,375,No
22904,1981,555,12375,8/13/2024,Flu,Lifestyle Advice,3011,Yes
22905,1596,507,11722,9/7/2024,Infection,Surgery,1430,No
22906,1840,584,12427,10/6/2024,Arthritis,Observation,1993,No
22907,1435,518,12279,4/20/2025,Infection,Physiotherapy,2443,Yes
22908,1538,543,11165,5/12/2025,Heart Disease,Medication,3405,Yes
22909,1225,578,10618,6/18/2025,Skin Allergy,Medication,2488,No
22910,1446,540,10765,12/1/2025,Heart Disease,Physiotherapy,692,Yes
22911,1317,553,10049,2/14/2025,Heart Disease,Medication,1487,No
22912,1666,514,10451,3/4/2025,Asthma,Medication,4095,Yes
22913,1805,521,11799,6/22/2025,Arthritis,Physiotherapy,1634,No
22914,1414,557,10491,3/18/2025,Diabetes,Surgery,4209,No
22915,1095,591,11893,7/28/2024,Fever,Medication,1163,No
22916,1225,546,11433,6/30/2025,Routine Checkup,Lifestyle Advice,3205,Yes
22917,1779,526,12455,12/10/2025,Flu,Lifestyle Advice,4004,No
22918,1949,591,11075,5/5/2025,Fever,Lifestyle Advice,3405,No
22919,1553,524,12223,4/15/2025,Diabetes,Physiotherapy,2003,No
22920,1645,505,11285,11/16/2025,Fever,Lifestyle Advice,3461,No
22921,1066,542,12528,12/30/2025,Routine Checkup,Observation,954,No
22922,1397,592,11758,7/21/2025,Migraine,Medication,3604,No
22923,1959,543,10223,10/25/2025,Flu,Surgery,2995,No
22924,1210,532,10269,4/7/2025,Back Pain,Lifestyle Advice,4150,Yes
22925,1474,588,12858,7/3/2025,Migraine,Physiotherapy,3912,Yes
22926,1665,506,12941,4/21/2025,Routine Checkup,Surgery,2015,No
22927,1684,574,10901,7/16/2024,Skin Allergy,Physiotherapy,3098,Yes
22928,1910,567,10919,6/4/2025,Diabetes,Surgery,1441,No
22929,1837,507,12366,5/13/2025,Back Pain,Surgery,2787,No
22930,1571,529,10385,5/25/2025,Infection,Medication,1961,Yes
22931,1696,534,11610,11/20/2025,Routine Checkup,Surgery,2555,Yes
22932,1490,507,10626,11/20/2024,Migraine,Observation,3892,No
22933,1180,581,11224,11/18/2025,Back Pain,Observation,2963,No
22934,1834,577,11908,4/11/2025,Fever,Observation,3251,Yes
22935,1836,558,12691,8/18/2025,Infection,Physiotherapy,3978,Yes
22936,1524,585,11363,5/18/2024,Asthma,Medication,3162,No
22937,1459,531,12752,8/29/2024,Diabetes,Physiotherapy,1408,Yes
22938,1068,573,11715,11/11/2024,Infection,Lifestyle Advice,1801,No
22939,1939,545,12353,10/28/2025,Fever,Observation,4513,No
22940,1329,547,11776,5/14/2024,Asthma,Medication,4605,Yes
22941,1202,577,11269,7/6/2024,Arthritis,Observation,3313,Yes
22942,1475,581,10842,11/20/2025,Flu,Medication,2118,No
22943,1518,572,11653,8/1/2025,Diabetes,Physiotherapy,346,Yes
22944,1015,573,11232,3/9/2024,Fever,Physiotherapy,2324,No
22945,1042,573,11748,3/14/2025,Diabetes,Observation,2958,No
22946,1543,540,12559,3/17/2024,Asthma,Surgery,1467,No
22947,1982,530,11283,2/3/2025,Flu,Medication,4459,No
22948,1693,562,12211,1/8/2025,Migraine,Lifestyle Advice,4363,No
22949,1774,571,10738,1/12/2024,Infection,Surgery,802,Yes
22950,1289,517,10341,5/1/2025,Back Pain,Physiotherapy,2023,Yes
22951,1925,505,12980,2/20/2025,Arthritis,Medication,1650,No
22952,1533,581,11952,7/25/2024,Arthritis,Surgery,1433,No
22953,1892,501,11782,12/6/2024,Infection,Lifestyle Advice,1898,Yes
22954,1694,580,10530,9/11/2025,Asthma,Surgery,3555,No
22955,1696,581,10034,12/21/2025,Heart Disease,Lifestyle Advice,3465,No
22956,1244,594,10323,11/6/2024,Asthma,Physiotherapy,763,No
22957,1862,531,11205,11/3/2024,Infection,Medication,2727,No
22958,1661,535,11987,10/19/2024,Skin Allergy,Physiotherapy,2184,Yes
22959,1768,572,10347,9/16/2025,Flu,Medication,3035,Yes
22960,1612,530,11730,1/10/2025,Skin Allergy,Surgery,4742,Yes
22961,1567,585,11216,6/10/2025,Diabetes,Physiotherapy,4841,Yes
22962,1698,515,11603,12/5/2024,Diabetes,Medication,4868,No
22963,1832,598,12769,3/23/2024,Heart Disease,Lifestyle Advice,4567,No
22964,1598,556,11703,7/30/2025,Arthritis,Medication,4931,No
22965,1174,560,10245,3/27/2025,Fever,Physiotherapy,2249,Yes
22966,1980,527,12726,1/3/2024,Routine Checkup,Physiotherapy,3526,Yes
22967,1534,502,11832,3/31/2025,Back Pain,Surgery,579,No
22968,1509,574,12963,8/23/2024,Infection,Lifestyle Advice,3057,No
22969,1244,564,12771,1/23/2025,Skin Allergy,Medication,3830,No
22970,1060,505,10133,1/27/2025,Hypertension,Physiotherapy,1450,No
22971,1104,591,12958,10/2/2025,Routine Checkup,Medication,4112,No
22972,1651,568,11371,1/30/2024,Fever,Observation,799,No
22973,1303,513,12097,8/5/2025,Flu,Lifestyle Advice,2747,No
22974,1671,581,11088,5/27/2024,Diabetes,Lifestyle Advice,1821,No
22975,1744,585,11648,8/27/2025,Asthma,Observation,3259,No
22976,1077,523,11892,10/9/2024,Heart Disease,Lifestyle Advice,433,Yes
22977,1018,597,11721,12/29/2025,Diabetes,Observation,763,Yes
22978,1534,550,11128,8/25/2024,Routine Checkup,Medication,878,No
22979,1184,579,12261,11/14/2024,Back Pain,Observation,1323,Yes
22980,1657,578,11541,12/2/2024,Skin Allergy,Surgery,3554,Yes
22981,1550,573,10119,1/31/2024,Asthma,Observation,3599,No
22982,1281,537,12904,9/17/2025,Arthritis,Medication,2597,No
22983,1288,530,12809,9/5/2025,Infection,Lifestyle Advice,1040,No
22984,1655,593,12727,8/27/2025,Fever,Surgery,2733,No
22985,1525,523,10895,7/25/2024,Fever,Observation,1116,Yes
22986,1698,534,11266,8/16/2024,Skin Allergy,Medication,4700,Yes
22987,1474,564,12328,8/5/2025,Skin Allergy,Surgery,4633,No
22988,1946,555,12472,12/7/2024,Skin Allergy,Surgery,3821,No
22989,1267,571,10363,4/4/2025,Hypertension,Surgery,105,No
22990,1781,509,11774,5/15/2024,Hypertension,Observation,2366,No
22991,1609,504,11741,10/10/2024,Infection,Medication,4087,No
22992,1946,566,10314,12/16/2024,Routine Checkup,Medication,3892,Yes
22993,1357,591,11537,1/17/2024,Asthma,Medication,612,No
22994,1806,533,11707,8/2/2024,Migraine,Physiotherapy,3360,No
22995,1001,532,12818,1/29/2025,Skin Allergy,Lifestyle Advice,1074,No
22996,1807,544,11087,2/2/2025,Fever,Medication,2916,Yes
22997,1027,537,10272,2/17/2025,Asthma,Physiotherapy,1076,Yes
22998,1548,591,11061,8/31/2024,Hypertension,Physiotherapy,2833,No
22999,1160,592,11790,4/4/2024,Diabetes,Surgery,720,Yes
23000,1937,567,12391,9/24/2025,Back Pain,Lifestyle Advice,4750,No
23001,1399,560,12394,1/6/2024,Migraine,Surgery,4745,Yes
23002,1543,559,12281,3/27/2024,Flu,Lifestyle Advice,3941,Yes
23003,1127,536,10990,7/7/2024,Routine Checkup,Surgery,693,Yes
23004,1774,549,12624,9/6/2025,Skin Allergy,Observation,1519,No
23005,1857,551,12464,9/7/2025,Routine Checkup,Lifestyle Advice,2042,No
23006,1948,508,10905,2/23/2025,Diabetes,Physiotherapy,722,No
23007,1210,550,12315,3/7/2024,Heart Disease,Physiotherapy,3948,No
23008,1150,541,10744,9/9/2025,Infection,Lifestyle Advice,4629,No
23009,1031,538,10911,9/4/2024,Skin Allergy,Surgery,4019,No
23010,1612,586,12491,7/25/2024,Hypertension,Observation,417,No
23011,1841,578,12608,7/23/2024,Fever,Observation,2682,No
23012,1302,579,11886,11/14/2024,Diabetes,Medication,1624,No
23013,1963,555,11746,3/23/2024,Skin Allergy,Lifestyle Advice,992,No
23014,1865,568,12124,2/27/2025,Fever,Observation,727,No
23015,1731,518,10247,3/22/2024,Arthritis,Surgery,4353,No
23016,1765,565,11852,7/2/2025,Routine Checkup,Surgery,3121,No
23017,1683,564,12628,12/25/2025,Skin Allergy,Physiotherapy,1554,No
23018,1257,512,12361,5/1/2025,Fever,Observation,2871,No
23019,1940,541,10576,5/12/2024,Hypertension,Observation,652,Yes
23020,1057,542,11616,4/24/2024,Back Pain,Surgery,3690,No
23021,1009,560,12391,1/11/2025,Back Pain,Physiotherapy,2605,No
23022,1005,550,12763,7/29/2024,Skin Allergy,Observation,2185,No
23023,1847,581,11206,5/11/2024,Asthma,Surgery,775,No
23024,1114,583,10984,1/8/2025,Migraine,Physiotherapy,1693,No
23025,1777,536,12774,6/2/2024,Migraine,Physiotherapy,4497,No
23026,1685,548,12680,2/26/2025,Diabetes,Surgery,2782,Yes
23027,1732,571,12447,12/31/2024,Migraine,Physiotherapy,3878,Yes
23028,1205,573,12762,11/24/2025,Skin Allergy,Physiotherapy,3364,No
23029,1024,508,10924,5/26/2024,Asthma,Medication,2037,No
23030,1493,525,10292,5/6/2024,Back Pain,Physiotherapy,715,Yes
23031,1970,507,12102,11/3/2024,Migraine,Observation,4327,Yes
23032,1682,508,11380,12/15/2025,Infection,Physiotherapy,1731,Yes
23033,1406,588,12525,4/27/2024,Fever,Observation,1044,No
23034,1103,581,10022,7/26/2025,Arthritis,Surgery,3576,No
23035,1060,576,11316,8/18/2024,Migraine,Physiotherapy,570,Yes
23036,1086,531,11053,3/26/2025,Infection,Surgery,2055,No
23037,1767,512,12743,5/14/2025,Hypertension,Lifestyle Advice,2496,Yes
23038,1677,557,11962,10/23/2025,Asthma,Physiotherapy,4006,No
23039,1372,566,12208,5/24/2024,Migraine,Surgery,2190,Yes
23040,1679,512,10910,9/14/2025,Asthma,Lifestyle Advice,2923,No
23041,1596,527,10530,11/9/2025,Routine Checkup,Observation,2629,Yes
23042,1970,546,10101,12/1/2025,Back Pain,Observation,4273,No
23043,1202,507,11314,2/18/2024,Migraine,Observation,1159,No
23044,1602,561,12391,4/16/2024,Arthritis,Observation,746,Yes
23045,1089,558,11952,4/2/2024,Migraine,Observation,1453,Yes
23046,1437,558,11902,9/27/2025,Diabetes,Medication,2799,No
23047,1120,513,10579,5/19/2024,Hypertension,Surgery,863,No
23048,1156,553,11215,11/9/2024,Arthritis,Lifestyle Advice,4171,Yes
23049,1973,600,10790,1/11/2024,Flu,Lifestyle Advice,2426,No
23050,1399,565,11367,3/23/2025,Back Pain,Physiotherapy,558,No
23051,1700,549,12893,1/29/2025,Migraine,Surgery,791,Yes
23052,1188,535,12173,5/19/2025,Arthritis,Medication,2672,Yes
23053,1774,594,11632,1/12/2025,Fever,Medication,2639,No
23054,1052,595,12938,12/26/2024,Routine Checkup,Surgery,4269,Yes
23055,1652,517,12717,11/13/2025,Back Pain,Observation,918,Yes
23056,1531,572,11384,7/1/2025,Flu,Observation,4350,No
23057,1480,567,10503,10/3/2025,Routine Checkup,Surgery,618,Yes
23058,1587,510,10173,7/26/2025,Diabetes,Lifestyle Advice,4570,No
23059,1230,534,10887,7/14/2025,Hypertension,Observation,4091,Yes
23060,1481,586,11418,1/30/2025,Heart Disease,Physiotherapy,442,No
23061,1130,504,12168,7/4/2024,Back Pain,Medication,4743,No
23062,1055,596,10273,8/8/2024,Heart Disease,Observation,2893,No
23063,1271,529,11410,6/1/2025,Fever,Lifestyle Advice,3274,No
23064,1960,546,12961,10/26/2024,Fever,Observation,4631,Yes
23065,1100,575,12924,6/23/2024,Heart Disease,Observation,543,No
23066,1069,546,10858,1/5/2025,Back Pain,Medication,4674,Yes
23067,1911,577,11911,5/23/2025,Fever,Physiotherapy,3804,No
23068,1299,559,11958,7/22/2024,Heart Disease,Physiotherapy,2000,Yes
23069,1970,561,10261,8/30/2025,Routine Checkup,Lifestyle Advice,1617,No
23070,1529,568,11353,10/8/2024,Infection,Surgery,4232,Yes
23071,1354,566,11148,10/8/2025,Asthma,Surgery,1656,No
23072,1628,534,11500,2/19/2025,Arthritis,Surgery,197,No
23073,1152,586,10278,2/2/2024,Fever,Lifestyle Advice,2961,Yes
23074,1330,505,12141,3/22/2024,Heart Disease,Observation,1144,Yes
23075,1116,509,10823,4/27/2025,Flu,Physiotherapy,567,No
23076,1542,520,12176,5/27/2024,Hypertension,Physiotherapy,453,No
23077,1323,521,10532,8/29/2025,Arthritis,Observation,171,No
23078,1563,517,12821,5/9/2025,Hypertension,Physiotherapy,1475,No
23079,1572,512,10167,6/18/2024,Back Pain,Physiotherapy,1175,Yes
23080,1229,592,10831,12/23/2025,Arthritis,Surgery,1345,No
23081,1771,582,10236,12/3/2025,Back Pain,Surgery,1123,No
23082,1360,567,11056,1/7/2024,Migraine,Medication,1920,No
23083,1005,505,11255,1/14/2025,Routine Checkup,Medication,1089,No
23084,1028,560,10191,3/9/2025,Fever,Physiotherapy,4655,No
23085,1766,553,12705,2/3/2024,Hypertension,Surgery,2648,Yes
23086,1364,552,10613,7/16/2025,Flu,Medication,4912,Yes
23087,1462,578,11532,9/23/2025,Migraine,Medication,4562,No
23088,1231,548,12303,5/17/2024,Hypertension,Surgery,3821,No
23089,1395,590,11724,1/1/2025,Infection,Medication,3207,Yes
23090,1968,519,10973,4/15/2024,Back Pain,Observation,4802,No
23091,1869,517,10649,2/1/2024,Routine Checkup,Observation,2675,No
23092,1712,554,10106,9/27/2025,Flu,Surgery,3146,Yes
23093,1844,568,11605,11/12/2025,Asthma,Surgery,848,No
23094,1271,535,10192,6/7/2025,Flu,Medication,1799,Yes
23095,1851,588,11003,6/16/2024,Asthma,Physiotherapy,701,Yes
23096,1304,541,11302,3/18/2024,Skin Allergy,Lifestyle Advice,4815,Yes
23097,1383,513,11568,6/29/2025,Asthma,Observation,354,No
23098,1558,533,12223,7/27/2024,Asthma,Observation,3077,Yes
23099,1028,515,11794,2/14/2025,Migraine,Surgery,2824,No
23100,1519,563,10635,1/8/2024,Asthma,Physiotherapy,935,No
23101,1744,515,10085,8/14/2024,Skin Allergy,Surgery,1950,Yes
23102,1199,531,12012,6/23/2024,Fever,Medication,4864,No
23103,1606,528,12996,3/21/2024,Migraine,Physiotherapy,3202,No
23104,1082,510,10728,2/26/2024,Flu,Medication,3749,No
23105,1088,557,11061,5/14/2024,Arthritis,Observation,2633,Yes
23106,1390,571,11688,8/25/2024,Flu,Surgery,2406,Yes
23107,1698,533,11600,4/16/2025,Infection,Surgery,4448,No
23108,1755,507,10070,8/4/2024,Hypertension,Lifestyle Advice,593,Yes
23109,1580,505,10154,1/26/2024,Back Pain,Physiotherapy,3405,Yes
23110,1823,590,11462,7/5/2024,Skin Allergy,Observation,1230,No
23111,1451,580,12813,9/21/2025,Asthma,Lifestyle Advice,4531,Yes
23112,1433,557,12319,12/9/2025,Infection,Lifestyle Advice,3884,No
23113,1374,572,12589,4/25/2024,Skin Allergy,Surgery,2200,No
23114,1435,586,12020,9/5/2025,Hypertension,Physiotherapy,4115,No
23115,1187,598,11098,6/11/2024,Infection,Surgery,4140,No
23116,1751,540,10571,2/17/2025,Migraine,Physiotherapy,1876,No
23117,1390,528,10149,6/26/2024,Skin Allergy,Lifestyle Advice,1967,No
23118,1218,536,12058,10/6/2024,Hypertension,Medication,2834,No
23119,1108,556,12692,7/30/2024,Flu,Observation,3431,Yes
23120,1819,547,12110,2/23/2024,Heart Disease,Lifestyle Advice,3540,No
23121,1550,571,11412,3/7/2024,Heart Disease,Surgery,309,No
23122,1907,540,11919,6/27/2025,Infection,Observation,3213,No
23123,1948,559,10774,6/3/2025,Asthma,Lifestyle Advice,2829,No
23124,1349,543,11754,5/13/2025,Asthma,Physiotherapy,4169,No
23125,1788,592,11872,3/6/2025,Flu,Surgery,4532,Yes
23126,1522,566,12576,12/27/2025,Routine Checkup,Lifestyle Advice,4870,Yes
23127,1026,509,11574,2/15/2024,Diabetes,Physiotherapy,4300,Yes
23128,1048,506,11713,8/14/2025,Arthritis,Physiotherapy,3861,Yes
23129,1859,565,12493,2/4/2024,Hypertension,Physiotherapy,4898,No
23130,1370,503,11345,7/7/2024,Diabetes,Observation,1247,No
23131,1014,574,11107,3/29/2024,Routine Checkup,Surgery,3881,Yes
23132,1612,537,10017,11/30/2024,Skin Allergy,Physiotherapy,1390,No
23133,1187,587,12417,5/15/2024,Routine Checkup,Lifestyle Advice,3214,Yes
23134,1524,533,11692,6/29/2025,Migraine,Physiotherapy,3978,No
23135,1884,509,12732,4/22/2024,Diabetes,Surgery,2800,No
23136,1891,553,12956,6/20/2024,Heart Disease,Observation,773,No
23137,1279,577,10583,12/4/2024,Infection,Physiotherapy,3075,Yes
23138,1341,592,10255,7/8/2025,Infection,Lifestyle Advice,2471,No
23139,1328,551,12504,6/8/2025,Arthritis,Surgery,856,No
23140,1679,571,12691,6/22/2024,Heart Disease,Physiotherapy,4396,No
23141,1634,526,10561,9/28/2025,Routine Checkup,Observation,4437,No
23142,1905,516,12581,11/27/2024,Arthritis,Medication,3001,Yes
23143,1984,540,11416,7/25/2024,Routine Checkup,Lifestyle Advice,1587,Yes
23144,1607,590,10320,12/8/2024,Fever,Physiotherapy,1067,Yes
23145,1025,551,10220,4/13/2024,Arthritis,Physiotherapy,3112,No
23146,1529,539,10699,10/3/2025,Heart Disease,Medication,2452,No
23147,1426,555,11438,2/9/2024,Back Pain,Surgery,4509,Yes
23148,1029,596,10032,1/23/2024,Arthritis,Medication,2943,Yes
23149,1956,536,10715,9/8/2024,Diabetes,Surgery,982,No
23150,1323,565,12802,10/16/2024,Heart Disease,Physiotherapy,597,No
23151,1853,585,11040,7/20/2024,Arthritis,Medication,3528,No
23152,1313,577,10409,6/3/2024,Flu,Physiotherapy,2005,Yes
23153,1584,590,12876,7/20/2025,Skin Allergy,Medication,1640,No
23154,1270,545,12221,4/15/2024,Flu,Physiotherapy,2098,Yes
23155,1762,509,10936,9/16/2024,Infection,Physiotherapy,1432,No
23156,1295,537,11128,7/18/2024,Routine Checkup,Physiotherapy,3466,No
23157,1656,587,11341,8/4/2024,Flu,Observation,1672,No
23158,1786,501,10707,2/14/2025,Back Pain,Medication,3764,No
23159,1223,566,10783,7/12/2025,Fever,Observation,3554,Yes
23160,1075,563,11205,4/26/2024,Skin Allergy,Physiotherapy,3916,No
23161,1102,543,12180,2/27/2025,Arthritis,Lifestyle Advice,1460,No
23162,1532,528,12711,7/30/2024,Hypertension,Surgery,663,No
23163,1629,600,11179,6/3/2024,Asthma,Medication,833,Yes
23164,1686,531,12407,9/19/2024,Fever,Medication,852,No
23165,1885,569,11259,5/21/2025,Infection,Surgery,2456,No
23166,1173,589,12808,5/30/2024,Asthma,Observation,4343,Yes
23167,1004,508,10165,7/30/2024,Infection,Surgery,3074,No
23168,1852,534,12765,7/10/2024,Back Pain,Lifestyle Advice,4086,No
23169,1479,549,12475,4/7/2024,Flu,Physiotherapy,2815,Yes
23170,1660,596,12725,6/24/2025,Back Pain,Surgery,1885,No
23171,1395,558,12536,12/1/2025,Back Pain,Surgery,4887,No
23172,1626,575,10213,6/20/2024,Infection,Physiotherapy,2733,No
23173,1833,547,11949,1/5/2025,Flu,Medication,2192,No
23174,1914,525,10766,12/9/2025,Flu,Lifestyle Advice,1905,No
23175,1167,503,12205,6/3/2024,Infection,Surgery,3463,No
23176,1300,545,12483,5/19/2024,Infection,Surgery,4459,Yes
23177,1993,552,11202,9/12/2024,Arthritis,Medication,3155,No
23178,1118,596,11820,11/6/2025,Arthritis,Lifestyle Advice,1348,No
23179,1512,599,12890,10/7/2025,Arthritis,Physiotherapy,315,No
23180,1612,596,10645,2/19/2025,Heart Disease,Physiotherapy,4045,No
23181,1786,534,11661,11/24/2024,Arthritis,Observation,4426,No
23182,1175,569,12360,1/12/2025,Infection,Lifestyle Advice,1825,Yes
23183,1159,592,11856,9/22/2024,Routine Checkup,Lifestyle Advice,2801,No
23184,1384,592,10127,6/24/2025,Back Pain,Surgery,1300,No
23185,1227,508,10377,5/18/2024,Heart Disease,Observation,3734,No
23186,1935,527,10225,8/19/2025,Diabetes,Physiotherapy,1640,No
23187,1038,580,10497,5/26/2025,Heart Disease,Lifestyle Advice,4902,Yes
23188,1463,563,12017,9/5/2024,Arthritis,Lifestyle Advice,612,No
23189,1431,582,10473,11/3/2024,Flu,Medication,3811,No
23190,1710,525,11889,7/26/2025,Diabetes,Physiotherapy,4036,No
23191,1648,558,11161,8/6/2024,Infection,Medication,2452,Yes
23192,1104,548,12523,8/6/2025,Infection,Observation,3932,No
23193,1982,501,10217,10/19/2024,Arthritis,Lifestyle Advice,4546,No
23194,1193,508,10196,2/13/2025,Back Pain,Observation,902,No
23195,1250,521,12249,7/16/2024,Arthritis,Medication,4646,No
23196,1013,598,10366,3/20/2024,Hypertension,Physiotherapy,1001,No
23197,1567,588,12767,1/19/2025,Diabetes,Lifestyle Advice,4258,Yes
23198,1856,590,11552,5/16/2024,Migraine,Physiotherapy,1888,No
23199,1597,578,12448,7/31/2024,Arthritis,Observation,4700,No
23200,1621,529,11549,9/10/2025,Heart Disease,Surgery,2412,No
23201,1555,530,12638,7/25/2024,Heart Disease,Physiotherapy,1799,Yes
23202,1388,503,10214,10/25/2025,Back Pain,Physiotherapy,3250,No
23203,1071,507,12389,5/12/2024,Asthma,Physiotherapy,1308,No
23204,1956,600,10119,6/14/2024,Skin Allergy,Lifestyle Advice,3093,Yes
23205,1780,511,11717,5/17/2025,Arthritis,Observation,2642,Yes
23206,1571,532,12884,3/5/2025,Arthritis,Observation,1694,No
23207,1973,559,10842,6/28/2024,Back Pain,Lifestyle Advice,3541,No
23208,1438,512,12915,4/30/2024,Asthma,Physiotherapy,1938,No
23209,1044,579,11673,6/22/2024,Hypertension,Physiotherapy,4959,No
23210,1272,538,11203,11/26/2024,Flu,Surgery,3772,No
23211,1902,524,11456,3/8/2024,Infection,Physiotherapy,3002,No
23212,1014,565,11744,11/29/2025,Fever,Medication,2439,Yes
23213,1371,518,10945,5/17/2024,Back Pain,Physiotherapy,4621,Yes
23214,1112,546,12450,11/3/2024,Asthma,Surgery,2442,No
23215,1379,556,12931,11/25/2024,Diabetes,Medication,599,No
23216,1314,563,10566,8/25/2024,Migraine,Surgery,3727,No
23217,1415,507,12472,6/13/2025,Back Pain,Surgery,944,No
23218,1740,566,10118,3/16/2024,Diabetes,Observation,3763,No
23219,1485,540,10368,5/30/2024,Flu,Lifestyle Advice,1160,Yes
23220,1169,554,11130,9/11/2025,Flu,Surgery,2781,No
23221,1888,531,12678,10/26/2025,Back Pain,Physiotherapy,1520,No
23222,1803,597,11918,11/11/2024,Back Pain,Observation,849,No
23223,1246,552,12196,2/6/2024,Arthritis,Medication,2047,No
23224,1266,594,11890,10/19/2025,Asthma,Lifestyle Advice,1145,No
23225,1849,531,12198,5/5/2024,Routine Checkup,Observation,3511,Yes
23226,1243,534,10816,9/11/2025,Routine Checkup,Surgery,4690,No
23227,1670,507,12304,10/12/2024,Skin Allergy,Observation,3574,No
23228,1300,589,12130,8/27/2024,Back Pain,Physiotherapy,1326,No
23229,1951,516,12064,9/5/2025,Asthma,Physiotherapy,3073,No
23230,1327,522,10901,8/7/2024,Routine Checkup,Physiotherapy,1469,Yes
23231,1530,600,10193,1/7/2024,Fever,Lifestyle Advice,1138,No
23232,1595,553,12771,8/3/2024,Back Pain,Observation,1887,No
23233,1847,591,11098,11/11/2025,Heart Disease,Observation,1752,Yes
23234,1743,517,11085,8/8/2025,Diabetes,Surgery,4815,No
23235,1342,504,10951,10/19/2024,Diabetes,Medication,4822,No
23236,1765,561,12584,6/22/2025,Heart Disease,Physiotherapy,4467,No
23237,1679,599,12391,4/28/2025,Infection,Medication,519,No
23238,1554,586,12443,2/12/2024,Routine Checkup,Medication,2997,Yes
23239,1249,552,10943,11/2/2024,Migraine,Physiotherapy,4684,No
23240,1760,535,10258,4/2/2024,Hypertension,Physiotherapy,3402,Yes
23241,1950,544,11222,8/5/2025,Skin Allergy,Surgery,895,No
23242,1380,515,12101,9/25/2024,Hypertension,Lifestyle Advice,2909,No
23243,1798,561,10651,9/12/2025,Skin Allergy,Physiotherapy,566,No
23244,1532,544,12319,11/23/2025,Flu,Medication,4635,No
23245,1894,521,12249,8/2/2024,Routine Checkup,Surgery,1454,No
23246,1864,577,10396,4/23/2024,Infection,Observation,372,Yes
23247,1381,547,12426,7/3/2024,Flu,Surgery,2849,Yes
23248,1042,575,11915,5/4/2024,Fever,Physiotherapy,3589,Yes
23249,1345,549,12724,4/14/2024,Back Pain,Physiotherapy,3968,Yes
23250,1599,553,12583,8/24/2024,Heart Disease,Lifestyle Advice,3751,No
23251,1261,527,10923,10/14/2025,Heart Disease,Surgery,1055,No
23252,1306,531,10398,6/6/2024,Heart Disease,Physiotherapy,3509,No
23253,1809,544,11206,4/18/2025,Arthritis,Medication,2019,No
23254,1862,532,12915,5/19/2025,Migraine,Medication,3032,Yes
23255,1240,530,11307,9/30/2024,Flu,Surgery,287,No
23256,1679,518,10561,4/26/2024,Migraine,Lifestyle Advice,307,No
23257,1313,563,10190,7/27/2025,Migraine,Surgery,173,Yes
23258,1731,516,10205,6/19/2025,Infection,Lifestyle Advice,4868,No
23259,1441,535,10044,2/29/2024,Flu,Medication,2719,Yes
23260,1933,562,11004,2/4/2025,Migraine,Physiotherapy,1149,No
23261,1903,509,12688,6/28/2024,Diabetes,Observation,1981,No
23262,1133,562,12749,8/19/2024,Arthritis,Physiotherapy,614,No
23263,1719,539,11706,4/20/2025,Routine Checkup,Medication,3428,No
23264,1051,551,11303,10/16/2025,Flu,Medication,379,No
23265,1618,510,10713,9/1/2024,Fever,Physiotherapy,3086,No
23266,1392,552,12685,8/15/2025,Hypertension,Physiotherapy,4955,No
23267,1696,512,12852,9/29/2025,Arthritis,Medication,655,Yes
23268,1713,572,10311,10/10/2025,Diabetes,Physiotherapy,3479,No
23269,1523,562,10878,7/21/2025,Infection,Observation,390,No
23270,1766,503,10857,7/31/2024,Asthma,Observation,4980,No
23271,1508,583,12322,8/28/2025,Arthritis,Surgery,2973,Yes
23272,1662,511,11556,4/3/2025,Flu,Observation,3118,Yes
23273,1354,508,10531,5/7/2024,Skin Allergy,Medication,1722,No
23274,1867,590,10017,8/4/2024,Arthritis,Medication,4937,Yes
23275,1973,523,12766,12/11/2025,Hypertension,Surgery,3651,No
23276,1395,510,10470,1/20/2024,Routine Checkup,Lifestyle Advice,4278,Yes
23277,1956,518,10811,7/20/2025,Flu,Surgery,3375,Yes
23278,1096,576,11328,2/29/2024,Flu,Lifestyle Advice,2111,Yes
23279,1106,539,10555,11/5/2025,Infection,Lifestyle Advice,2789,No
23280,1655,526,12141,12/14/2025,Asthma,Physiotherapy,182,No
23281,1678,511,10882,5/8/2024,Fever,Observation,4095,No
23282,1513,510,12626,7/10/2025,Routine Checkup,Lifestyle Advice,747,No
23283,1558,503,12679,7/15/2024,Infection,Physiotherapy,4346,No
23284,1242,562,10821,5/6/2025,Flu,Surgery,3792,No
23285,1856,571,10584,11/8/2025,Asthma,Surgery,1857,No
23286,1939,561,10846,5/18/2025,Fever,Lifestyle Advice,3439,Yes
23287,1488,504,11997,9/3/2024,Back Pain,Physiotherapy,3757,Yes
23288,1790,561,10842,9/16/2024,Back Pain,Medication,4310,No
23289,1515,508,12376,12/12/2024,Routine Checkup,Observation,3252,Yes
23290,1654,513,11805,7/15/2024,Skin Allergy,Lifestyle Advice,825,No
23291,1898,512,10730,4/16/2024,Flu,Medication,1207,No
23292,1061,535,10254,9/4/2025,Asthma,Observation,2925,No
23293,1416,554,11464,6/8/2024,Asthma,Medication,2301,No
23294,1294,551,12619,2/25/2025,Asthma,Physiotherapy,1940,No
23295,1737,543,12592,8/29/2025,Hypertension,Lifestyle Advice,4448,Yes
23296,1302,600,10851,7/25/2024,Fever,Medication,2595,No
23297,1170,566,12168,11/8/2024,Flu,Medication,4044,Yes
23298,1646,515,10822,3/7/2025,Arthritis,Medication,924,No
23299,1041,549,12562,8/22/2024,Back Pain,Lifestyle Advice,4702,Yes
23300,1231,534,11573,11/22/2024,Skin Allergy,Physiotherapy,1834,No
23301,1409,539,10979,4/23/2025,Arthritis,Physiotherapy,450,Yes
23302,1738,526,12145,3/3/2025,Infection,Medication,2273,No
23303,1651,569,10871,10/27/2025,Migraine,Physiotherapy,3385,No
23304,1622,548,11394,4/9/2024,Skin Allergy,Observation,934,Yes
23305,1997,589,10257,8/25/2024,Migraine,Physiotherapy,2087,No
23306,1297,551,10128,4/16/2024,Skin Allergy,Medication,3921,Yes
23307,1455,598,11383,12/29/2024,Asthma,Observation,3771,No
23308,1057,504,11180,10/3/2025,Hypertension,Lifestyle Advice,3102,No
23309,1942,598,12105,5/7/2025,Skin Allergy,Surgery,2609,No
23310,1635,527,12630,2/12/2024,Flu,Physiotherapy,2772,Yes
23311,1240,542,11972,7/28/2025,Heart Disease,Observation,3542,Yes
23312,1598,556,10556,3/13/2024,Infection,Surgery,4258,No
23313,1176,593,12772,11/28/2025,Hypertension,Lifestyle Advice,4946,No
23314,1063,569,12701,9/20/2025,Arthritis,Surgery,4221,No
23315,1551,518,12206,10/30/2024,Migraine,Lifestyle Advice,4196,No
23316,1138,561,10085,1/5/2024,Asthma,Medication,2037,No
23317,1981,504,10322,8/10/2025,Diabetes,Medication,397,No
23318,1454,501,12357,12/14/2024,Arthritis,Lifestyle Advice,2401,Yes
23319,1753,550,11554,2/3/2025,Routine Checkup,Surgery,4038,Yes
23320,1449,584,10284,8/17/2025,Routine Checkup,Physiotherapy,1694,Yes
23321,1226,570,11918,3/8/2025,Infection,Surgery,3465,Yes
23322,1443,520,12182,7/25/2025,Flu,Surgery,3315,No
23323,1206,520,10614,4/16/2024,Hypertension,Physiotherapy,4404,No
23324,1676,546,12697,4/26/2024,Diabetes,Surgery,3397,No
23325,1027,527,11428,1/17/2025,Back Pain,Surgery,1581,Yes
23326,1457,526,11517,3/22/2024,Hypertension,Observation,4479,No
23327,1695,532,10229,10/14/2025,Flu,Lifestyle Advice,3774,No
23328,1710,510,11830,2/13/2025,Asthma,Medication,3282,No
23329,1991,582,11330,3/10/2024,Hypertension,Lifestyle Advice,4545,No
23330,1849,512,11933,1/21/2025,Asthma,Surgery,3251,Yes
23331,1949,574,10119,6/7/2025,Back Pain,Physiotherapy,3887,No
23332,1107,588,12986,10/23/2024,Arthritis,Physiotherapy,1873,No
23333,1444,524,12372,9/8/2025,Fever,Medication,1451,No
23334,1701,551,10921,12/19/2025,Routine Checkup,Medication,1417,Yes
23335,1036,538,12207,3/5/2024,Flu,Medication,4379,No
23336,1597,546,12287,7/28/2025,Diabetes,Physiotherapy,2130,No
23337,1155,589,12444,6/26/2024,Back Pain,Surgery,311,No
23338,1169,508,10320,1/8/2024,Back Pain,Medication,1374,Yes
23339,1796,555,12357,6/7/2024,Migraine,Medication,4362,No
23340,1272,578,12297,1/11/2024,Flu,Physiotherapy,3714,Yes
23341,1547,531,12586,2/14/2025,Infection,Surgery,3834,No
23342,1420,588,10701,8/29/2025,Infection,Medication,1285,No
23343,1184,516,12442,6/3/2024,Fever,Surgery,974,No
23344,1611,520,12700,7/24/2024,Arthritis,Observation,4602,Yes
23345,1237,538,11018,4/24/2024,Heart Disease,Medication,3563,Yes
23346,1915,515,10406,1/13/2025,Heart Disease,Medication,2585,No
23347,1509,578,11205,8/21/2025,Flu,Physiotherapy,4600,No
23348,1441,576,12069,12/9/2025,Infection,Observation,4470,No
23349,1981,534,11699,12/15/2024,Back Pain,Observation,3498,No
23350,1122,572,11607,4/7/2024,Flu,Observation,4987,No
23351,1417,519,10155,1/19/2024,Back Pain,Lifestyle Advice,235,No
23352,1535,569,11852,11/8/2024,Migraine,Physiotherapy,432,No
23353,1375,591,10867,6/11/2025,Heart Disease,Physiotherapy,1126,Yes
23354,1575,563,10559,7/10/2025,Diabetes,Medication,3333,Yes
23355,1326,577,10194,10/28/2025,Skin Allergy,Physiotherapy,1635,Yes
23356,1480,532,12447,3/20/2025,Infection,Medication,2224,Yes
23357,1150,595,12328,8/18/2024,Routine Checkup,Medication,2332,Yes
23358,1707,537,11034,10/30/2025,Heart Disease,Lifestyle Advice,4057,No
23359,1995,566,11400,9/16/2025,Migraine,Physiotherapy,2717,Yes
23360,1592,507,12520,12/24/2024,Diabetes,Physiotherapy,1052,Yes
23361,1490,548,12200,1/17/2025,Fever,Lifestyle Advice,3469,Yes
23362,1827,511,12032,5/26/2025,Skin Allergy,Lifestyle Advice,3453,Yes
23363,1153,575,10802,2/13/2024,Infection,Physiotherapy,2086,No
23364,1017,587,10553,12/30/2024,Fever,Physiotherapy,4667,Yes
23365,1551,531,11448,9/13/2025,Diabetes,Medication,3563,No
23366,1845,544,11547,4/20/2024,Skin Allergy,Surgery,264,Yes
23367,1348,545,10730,8/10/2024,Flu,Medication,2091,No
23368,1459,572,12561,1/20/2025,Asthma,Observation,2805,Yes
23369,1202,556,11013,9/21/2024,Arthritis,Observation,1839,No
23370,1423,532,10171,9/27/2024,Fever,Surgery,4359,Yes
23371,1280,521,10850,7/30/2024,Asthma,Lifestyle Advice,203,No
23372,1422,531,10794,5/10/2025,Fever,Observation,4791,Yes
23373,1600,501,11589,11/9/2024,Hypertension,Lifestyle Advice,4315,No
23374,1993,577,10125,1/21/2025,Skin Allergy,Lifestyle Advice,1227,Yes
23375,1465,511,10175,9/3/2024,Heart Disease,Medication,463,Yes
23376,1953,593,12552,7/20/2025,Infection,Lifestyle Advice,1669,No
23377,1812,568,11801,12/15/2024,Skin Allergy,Surgery,468,No
23378,1804,536,12759,3/12/2024,Routine Checkup,Medication,4049,No
23379,1355,579,10106,10/22/2024,Flu,Surgery,3857,No
23380,1582,559,11971,7/31/2024,Routine Checkup,Lifestyle Advice,3497,No
23381,1378,567,11661,10/21/2024,Diabetes,Observation,4330,No
23382,1124,556,12576,6/19/2024,Hypertension,Lifestyle Advice,2192,No
23383,1080,551,10038,9/2/2024,Hypertension,Surgery,1615,No
23384,1557,529,10395,5/20/2024,Routine Checkup,Physiotherapy,694,Yes
23385,1988,585,10921,9/7/2025,Fever,Physiotherapy,1545,No
23386,1233,502,12525,9/8/2025,Skin Allergy,Observation,3722,No
23387,1480,506,11491,8/27/2024,Skin Allergy,Surgery,865,No
23388,1154,531,10722,11/6/2024,Skin Allergy,Observation,3316,No
23389,1907,554,12031,2/19/2025,Diabetes,Medication,1440,No
23390,1692,588,12363,2/1/2025,Hypertension,Lifestyle Advice,1686,No
23391,1409,540,11309,1/22/2024,Flu,Medication,3750,Yes
23392,1031,517,12030,3/18/2024,Back Pain,Physiotherapy,4731,Yes
23393,1597,505,11704,4/19/2025,Heart Disease,Lifestyle Advice,733,Yes
23394,1557,502,11634,12/7/2025,Skin Allergy,Medication,4856,No
23395,1503,558,11453,12/18/2024,Diabetes,Physiotherapy,558,Yes
23396,1371,512,10365,1/5/2025,Routine Checkup,Medication,2572,No
23397,1323,505,12229,1/21/2024,Migraine,Lifestyle Advice,1780,Yes
23398,1332,560,10734,5/21/2025,Heart Disease,Medication,4950,Yes
23399,1243,541,12924,6/8/2024,Flu,Lifestyle Advice,1993,Yes
23400,1552,520,12709,12/26/2024,Asthma,Medication,2215,Yes
23401,1430,572,10244,7/9/2025,Diabetes,Observation,608,No
23402,1182,501,10313,10/23/2024,Skin Allergy,Medication,835,No
23403,1809,556,10076,12/17/2024,Arthritis,Medication,2851,No
23404,1473,570,12310,6/28/2024,Back Pain,Observation,2271,No
23405,1376,556,10231,4/16/2025,Migraine,Physiotherapy,2943,No
23406,1081,554,12751,1/29/2025,Migraine,Lifestyle Advice,391,No
23407,1550,511,12694,9/4/2025,Flu,Surgery,4616,No
23408,1868,503,11412,9/18/2025,Migraine,Physiotherapy,2018,No
23409,1420,595,12805,7/31/2024,Fever,Lifestyle Advice,911,Yes
23410,1467,528,11349,6/13/2025,Skin Allergy,Medication,2197,No
23411,1428,505,10842,1/29/2025,Asthma,Physiotherapy,2109,Yes
23412,1057,590,12927,1/27/2024,Back Pain,Medication,4378,No
23413,1322,516,11480,3/24/2025,Asthma,Physiotherapy,4442,Yes
23414,1977,531,10516,3/13/2025,Back Pain,Physiotherapy,749,No
23415,1542,528,12490,10/11/2024,Arthritis,Surgery,2697,No
23416,1495,507,11573,10/22/2025,Arthritis,Observation,660,Yes
23417,1266,509,12631,10/10/2025,Infection,Physiotherapy,869,No
23418,1227,539,12310,7/7/2024,Arthritis,Medication,4751,No
23419,1829,599,12797,12/2/2025,Skin Allergy,Surgery,603,Yes
23420,1959,543,10819,7/17/2024,Routine Checkup,Physiotherapy,727,No
23421,1804,527,12915,4/11/2024,Infection,Observation,3484,No
23422,1054,576,10608,4/23/2025,Migraine,Medication,3962,Yes
23423,1609,589,12958,8/25/2025,Migraine,Surgery,3459,Yes
23424,1961,593,10523,8/11/2024,Back Pain,Lifestyle Advice,4356,No
23425,1978,595,11802,5/31/2025,Routine Checkup,Observation,2274,No
23426,1004,598,11213,6/10/2025,Skin Allergy,Lifestyle Advice,3627,Yes
23427,1439,533,11037,3/16/2025,Infection,Lifestyle Advice,2637,No
23428,1310,591,10162,5/31/2025,Heart Disease,Surgery,2386,No
23429,1879,556,11517,8/17/2024,Arthritis,Surgery,2323,No
23430,1603,502,12053,4/23/2024,Diabetes,Surgery,2357,No
23431,1089,514,12032,5/30/2025,Skin Allergy,Lifestyle Advice,3680,Yes
23432,1320,513,10202,7/2/2024,Arthritis,Medication,2095,Yes
23433,1375,524,12464,12/25/2025,Routine Checkup,Surgery,733,Yes
23434,1604,569,11036,2/3/2024,Migraine,Observation,600,No
23435,1501,534,10948,10/22/2024,Flu,Surgery,1663,No
23436,1662,587,11421,3/28/2025,Skin Allergy,Surgery,4175,No
23437,1234,519,11365,12/8/2025,Flu,Surgery,1274,No
23438,1921,530,10752,5/19/2025,Back Pain,Lifestyle Advice,1698,No
23439,1337,549,10950,2/9/2025,Diabetes,Medication,2258,Yes
23440,1571,543,12421,5/6/2024,Fever,Surgery,3813,No
23441,1185,516,11249,5/21/2024,Hypertension,Lifestyle Advice,2084,Yes
23442,1438,552,11206,10/9/2025,Fever,Observation,619,No
23443,1556,598,11321,5/7/2024,Infection,Medication,2017,No
23444,1180,549,11331,11/16/2025,Infection,Lifestyle Advice,1428,No
23445,1076,511,10431,12/30/2025,Hypertension,Physiotherapy,1032,No
23446,1656,578,12738,9/17/2025,Infection,Observation,1641,Yes
23447,1613,547,12166,12/15/2024,Arthritis,Observation,507,Yes
23448,1893,579,10588,6/7/2025,Back Pain,Physiotherapy,1631,No
23449,1272,535,12275,4/7/2025,Hypertension,Lifestyle Advice,723,No
23450,1977,571,11264,8/31/2024,Migraine,Lifestyle Advice,2866,Yes
23451,1055,529,12396,7/17/2025,Asthma,Observation,4747,Yes
23452,1701,554,10141,7/4/2024,Asthma,Lifestyle Advice,2927,Yes
23453,1863,586,10204,8/20/2024,Diabetes,Physiotherapy,4515,No
23454,1847,523,11004,5/28/2025,Arthritis,Lifestyle Advice,766,No
23455,1077,524,11666,1/1/2024,Asthma,Observation,727,No
23456,1296,599,10861,8/26/2024,Arthritis,Lifestyle Advice,3208,No
23457,1219,510,10845,2/24/2024,Migraine,Medication,3376,No
23458,1277,561,12361,5/9/2025,Infection,Physiotherapy,1884,Yes
23459,1578,508,11939,9/7/2025,Arthritis,Physiotherapy,1233,No
23460,1648,548,10137,2/21/2025,Back Pain,Surgery,1609,No
23461,1746,576,11652,3/23/2025,Diabetes,Lifestyle Advice,3489,Yes
23462,1711,593,12399,12/3/2024,Arthritis,Physiotherapy,1958,No
23463,1266,529,11691,10/3/2024,Diabetes,Lifestyle Advice,1715,No
23464,1953,587,12221,1/10/2024,Routine Checkup,Medication,3953,No
23465,1900,526,11154,12/6/2024,Skin Allergy,Observation,4805,No
23466,1043,537,10079,4/13/2024,Migraine,Observation,4674,No
23467,1361,596,10979,12/10/2024,Arthritis,Surgery,4783,No
23468,1228,552,10569,1/4/2025,Skin Allergy,Surgery,3965,No
23469,1227,538,12911,7/16/2024,Infection,Physiotherapy,4788,No
23470,1063,506,12105,1/14/2024,Asthma,Physiotherapy,2511,Yes
23471,1171,508,12411,11/10/2025,Back Pain,Physiotherapy,408,No
23472,1963,517,10134,12/3/2024,Flu,Medication,4462,Yes
23473,1762,576,12062,6/25/2025,Fever,Surgery,1932,No
23474,1850,562,10283,4/1/2025,Diabetes,Surgery,4881,No
23475,1762,586,12854,6/9/2025,Infection,Observation,2407,Yes
23476,1307,578,10127,3/11/2025,Heart Disease,Surgery,2100,No
23477,1750,534,12027,12/31/2024,Flu,Surgery,766,No
23478,1568,519,11796,2/4/2025,Migraine,Medication,1784,No
23479,1683,570,11850,7/27/2025,Skin Allergy,Physiotherapy,3176,No
23480,1920,582,10218,4/26/2025,Migraine,Medication,545,No
23481,1992,600,10745,4/19/2024,Skin Allergy,Lifestyle Advice,4483,No
23482,1034,537,12728,2/9/2025,Diabetes,Observation,1181,Yes
23483,1827,538,10260,11/4/2024,Diabetes,Observation,3243,Yes
23484,1642,515,11242,6/8/2024,Hypertension,Observation,4989,Yes
23485,1130,540,11844,2/24/2024,Asthma,Physiotherapy,3851,Yes
23486,1394,509,11682,9/12/2024,Infection,Physiotherapy,4970,Yes
23487,1151,553,11513,6/17/2025,Heart Disease,Physiotherapy,4472,No
23488,1655,570,11467,2/25/2025,Arthritis,Observation,1645,No
23489,1630,566,10099,9/6/2025,Hypertension,Observation,3745,No
23490,1716,580,10182,9/20/2024,Diabetes,Observation,4931,Yes
23491,1384,552,12217,8/20/2024,Back Pain,Lifestyle Advice,3307,No
23492,1747,501,12281,11/10/2025,Skin Allergy,Lifestyle Advice,2883,No
23493,1017,530,10956,8/20/2024,Flu,Observation,213,No
23494,1594,597,11117,5/31/2025,Arthritis,Physiotherapy,871,No
23495,1014,501,10472,2/14/2024,Back Pain,Physiotherapy,1112,No
23496,1081,539,11540,7/11/2025,Flu,Lifestyle Advice,3783,Yes
23497,1207,516,11109,11/6/2025,Migraine,Lifestyle Advice,3350,No
23498,1204,517,10679,11/11/2025,Asthma,Observation,1352,No
23499,1379,582,11543,3/11/2025,Hypertension,Observation,3202,No
23500,1784,522,10381,11/30/2024,Diabetes,Physiotherapy,4303,No
23501,1544,586,11256,2/7/2025,Arthritis,Surgery,4477,No
23502,1023,599,12299,6/12/2024,Fever,Physiotherapy,2768,No
23503,1614,531,12367,9/12/2024,Infection,Physiotherapy,2676,No
23504,1162,540,12241,3/6/2024,Migraine,Observation,4190,No
23505,1610,527,11659,3/28/2024,Diabetes,Surgery,1527,No
23506,1144,536,12985,8/27/2024,Arthritis,Surgery,3341,No
23507,1930,504,12649,11/6/2024,Flu,Observation,977,Yes
23508,1104,569,12655,7/24/2025,Heart Disease,Medication,1298,No
23509,1382,525,11581,11/12/2025,Migraine,Observation,553,Yes
23510,1455,595,10765,9/14/2024,Heart Disease,Lifestyle Advice,4704,No
23511,1417,578,12933,7/11/2025,Flu,Surgery,1363,No
23512,1324,530,10991,5/28/2025,Infection,Observation,2243,Yes
23513,1171,547,11587,3/9/2025,Heart Disease,Physiotherapy,3685,Yes
23514,1576,512,12554,5/8/2024,Fever,Physiotherapy,4286,No
23515,1756,527,12113,11/21/2024,Infection,Physiotherapy,4428,No
23516,1583,545,12270,1/17/2024,Skin Allergy,Observation,4854,No
23517,1274,588,10466,11/29/2025,Fever,Medication,3158,No
23518,1452,563,12120,12/7/2024,Arthritis,Lifestyle Advice,2956,No
23519,1881,555,10888,9/19/2025,Migraine,Physiotherapy,1011,No
23520,1125,530,12522,9/5/2024,Arthritis,Observation,2871,No
23521,1383,582,12703,12/10/2025,Skin Allergy,Medication,1567,No
23522,1317,514,10019,6/25/2024,Flu,Surgery,540,No
23523,1843,556,12570,12/22/2024,Arthritis,Surgery,1095,No
23524,1107,519,10784,5/9/2025,Migraine,Lifestyle Advice,2211,No
23525,1660,586,11707,2/4/2024,Back Pain,Observation,4200,Yes
23526,1907,526,10415,2/10/2025,Skin Allergy,Observation,3829,Yes
23527,1463,571,10364,10/8/2025,Back Pain,Physiotherapy,3568,Yes
23528,1430,592,12576,1/10/2024,Fever,Medication,4812,No
23529,1704,538,11104,11/25/2025,Asthma,Lifestyle Advice,3939,No
23530,1337,569,10796,12/14/2025,Diabetes,Medication,4560,No
23531,1738,536,11214,6/14/2025,Infection,Lifestyle Advice,2938,No
23532,1754,518,11172,6/18/2025,Routine Checkup,Observation,4820,No
23533,1496,557,11699,4/4/2024,Flu,Observation,4702,No
23534,1972,578,10443,7/29/2025,Diabetes,Lifestyle Advice,622,No
23535,1362,523,12313,3/25/2025,Diabetes,Medication,805,No
23536,1796,514,10650,8/7/2024,Skin Allergy,Surgery,1859,No
23537,1432,596,10509,4/5/2024,Infection,Surgery,349,No
23538,1675,569,10466,1/15/2025,Flu,Physiotherapy,4444,Yes
23539,1520,522,12413,10/30/2025,Fever,Physiotherapy,1474,Yes
23540,1859,528,11423,7/25/2024,Hypertension,Medication,1926,Yes
23541,1406,543,12541,9/2/2024,Skin Allergy,Observation,2230,No
23542,1377,576,12590,12/11/2025,Heart Disease,Medication,3578,No
23543,1152,518,11840,5/24/2025,Asthma,Lifestyle Advice,1203,No
23544,1322,600,11504,3/23/2024,Diabetes,Surgery,4093,Yes
23545,1607,595,11627,11/12/2024,Hypertension,Physiotherapy,358,No
23546,1214,577,11115,10/6/2025,Fever,Medication,4317,No
23547,1576,584,10723,4/14/2024,Arthritis,Medication,1247,No
23548,1065,536,10842,1/4/2025,Diabetes,Lifestyle Advice,1004,Yes
23549,1893,507,12348,8/3/2025,Flu,Observation,2239,No
23550,1270,523,12222,11/26/2025,Hypertension,Observation,3278,No
23551,1537,534,10646,9/21/2025,Asthma,Surgery,4247,No
23552,1996,596,10024,6/28/2024,Flu,Physiotherapy,4489,Yes
23553,1100,521,10731,8/24/2025,Asthma,Observation,2447,Yes
23554,1105,570,10007,8/22/2025,Flu,Observation,1691,No
23555,1131,580,11621,3/23/2024,Arthritis,Observation,2341,No
23556,1389,599,12926,6/15/2025,Skin Allergy,Medication,3728,Yes
23557,1321,547,11272,9/10/2025,Flu,Observation,954,No
23558,1438,553,10166,5/15/2025,Fever,Lifestyle Advice,850,Yes
23559,1019,584,10428,12/13/2024,Routine Checkup,Surgery,4149,No
23560,1225,541,12193,9/28/2024,Asthma,Observation,2467,No
23561,1618,575,11535,11/26/2024,Heart Disease,Physiotherapy,338,Yes
23562,1566,532,10933,9/1/2025,Skin Allergy,Medication,2795,No
23563,1990,514,12557,7/22/2025,Back Pain,Lifestyle Advice,4736,No
23564,1460,588,12955,10/22/2025,Arthritis,Surgery,1416,No
23565,1394,595,12693,1/23/2025,Heart Disease,Medication,2404,Yes
23566,1226,517,11600,5/16/2024,Diabetes,Lifestyle Advice,207,No
23567,1912,525,12124,12/26/2024,Infection,Medication,1704,No
23568,1360,564,11667,10/8/2024,Flu,Surgery,2008,No
23569,1430,573,10824,7/20/2024,Arthritis,Surgery,2330,No
23570,1925,586,11343,6/14/2025,Diabetes,Observation,3877,No
23571,1015,548,11062,1/16/2024,Migraine,Physiotherapy,466,No
23572,1560,535,10566,7/21/2025,Arthritis,Observation,3009,No
23573,1651,537,11666,4/23/2024,Heart Disease,Medication,3694,No
23574,1546,555,11538,3/8/2024,Diabetes,Observation,3021,Yes
23575,1932,517,11164,8/12/2025,Heart Disease,Surgery,4368,No
23576,1414,528,11282,1/30/2024,Asthma,Surgery,1840,Yes
23577,1355,501,12665,6/2/2025,Fever,Surgery,2918,No
23578,1457,553,12429,10/25/2025,Skin Allergy,Observation,1453,No
23579,1722,573,12896,1/22/2024,Flu,Lifestyle Advice,551,Yes
23580,1531,555,11209,3/6/2025,Fever,Observation,4666,Yes
23581,1999,561,10303,1/30/2024,Heart Disease,Observation,4516,Yes
23582,1196,513,11518,11/9/2025,Fever,Observation,4636,Yes
23583,1838,547,10756,10/21/2025,Infection,Observation,2546,No
23584,1115,564,10164,2/13/2025,Fever,Surgery,2335,No
23585,1417,532,11668,2/18/2024,Infection,Physiotherapy,3609,Yes
23586,1352,528,11227,11/20/2024,Arthritis,Observation,984,Yes
23587,1976,553,11234,5/2/2025,Arthritis,Observation,3619,No
23588,1075,531,11883,10/24/2024,Fever,Physiotherapy,842,Yes
23589,1662,508,12149,6/29/2024,Arthritis,Observation,2139,No
23590,1036,572,10898,5/1/2024,Back Pain,Physiotherapy,2662,Yes
23591,1242,598,10783,5/3/2024,Infection,Surgery,1360,No
23592,1663,587,11995,3/28/2025,Flu,Lifestyle Advice,4376,No
23593,1063,574,11585,9/22/2024,Infection,Observation,4605,Yes
23594,1666,525,12416,1/28/2024,Skin Allergy,Lifestyle Advice,2434,Yes
23595,1509,533,10727,9/15/2024,Skin Allergy,Observation,485,No
23596,1188,568,12420,3/17/2024,Flu,Medication,702,Yes
23597,1735,507,12910,3/7/2025,Skin Allergy,Medication,542,No
23598,1093,597,11455,12/6/2025,Fever,Surgery,3407,Yes
23599,1005,566,12328,2/4/2024,Flu,Lifestyle Advice,2732,No
23600,1438,546,12364,3/11/2025,Flu,Lifestyle Advice,4067,No
23601,1166,596,12013,4/23/2024,Diabetes,Physiotherapy,3401,No
23602,1446,505,11101,3/2/2024,Heart Disease,Physiotherapy,2401,Yes
23603,1025,517,10816,2/21/2024,Asthma,Observation,4550,No
23604,1508,576,10151,4/25/2024,Asthma,Physiotherapy,3666,No
23605,1098,552,11009,2/16/2024,Diabetes,Physiotherapy,2576,No
23606,1268,512,11520,3/13/2025,Arthritis,Lifestyle Advice,4670,No
23607,1662,562,11321,2/15/2025,Arthritis,Medication,4110,Yes
23608,1393,535,10669,4/10/2024,Routine Checkup,Lifestyle Advice,2489,Yes
23609,1764,562,10407,10/5/2024,Migraine,Physiotherapy,1930,Yes
23610,1596,521,12335,4/16/2024,Arthritis,Observation,4173,Yes
23611,1285,585,12965,2/4/2024,Arthritis,Medication,3514,Yes
23612,1684,566,10492,12/24/2024,Diabetes,Physiotherapy,4929,Yes
23613,1733,553,11033,1/2/2024,Asthma,Physiotherapy,2366,Yes
23614,1109,521,11942,5/6/2025,Hypertension,Observation,695,Yes
23615,1027,515,11156,9/28/2024,Skin Allergy,Observation,290,Yes
23616,1758,575,11101,5/23/2024,Back Pain,Physiotherapy,3562,Yes
23617,1055,574,12786,3/10/2025,Back Pain,Physiotherapy,743,Yes
23618,1977,582,12179,3/26/2025,Infection,Lifestyle Advice,4289,No
23619,1133,523,10997,8/26/2025,Back Pain,Surgery,1218,Yes
23620,1052,531,11912,7/19/2025,Infection,Observation,3867,Yes
23621,1493,554,11436,8/15/2024,Skin Allergy,Observation,1767,Yes
23622,1765,555,11114,6/28/2025,Skin Allergy,Lifestyle Advice,1205,No
23623,1781,526,12546,8/1/2024,Diabetes,Medication,4535,No
23624,1298,553,12670,10/9/2025,Infection,Medication,2955,Yes
23625,1399,566,10889,9/4/2024,Infection,Medication,2259,No
23626,1591,539,10354,2/11/2025,Arthritis,Observation,4498,No
23627,1018,507,12319,2/22/2024,Asthma,Surgery,4246,No
23628,1818,588,11416,7/29/2025,Flu,Surgery,905,No
23629,1770,539,10432,11/9/2024,Flu,Lifestyle Advice,800,No
23630,1855,532,10739,1/8/2025,Infection,Medication,3891,Yes
23631,1619,526,12520,2/6/2024,Migraine,Medication,4856,No
23632,1909,587,11780,12/24/2025,Diabetes,Physiotherapy,1900,No
23633,1964,578,11332,6/7/2025,Arthritis,Lifestyle Advice,2007,No
23634,1559,529,10508,3/24/2024,Heart Disease,Lifestyle Advice,1236,No
23635,1246,525,10055,4/3/2024,Diabetes,Observation,4231,Yes
23636,1503,556,12085,2/18/2025,Asthma,Observation,722,Yes
23637,1089,531,10900,12/7/2024,Asthma,Lifestyle Advice,2996,No
23638,1203,566,12103,12/19/2025,Fever,Surgery,1515,No
23639,1946,502,10524,7/3/2025,Asthma,Lifestyle Advice,2162,No
23640,1240,587,12963,2/24/2025,Arthritis,Surgery,2787,No
23641,1490,547,10463,12/13/2024,Asthma,Observation,4362,Yes
23642,1780,575,10697,12/15/2025,Diabetes,Lifestyle Advice,1788,No
23643,1013,529,11502,8/9/2025,Routine Checkup,Surgery,4258,No
23644,1649,599,11773,5/7/2024,Routine Checkup,Physiotherapy,302,No
23645,1315,549,10716,5/31/2024,Skin Allergy,Physiotherapy,1638,No
23646,1685,573,11235,6/5/2025,Fever,Lifestyle Advice,1224,No
23647,1742,532,12780,2/7/2024,Skin Allergy,Medication,994,Yes
23648,1198,530,11847,3/2/2025,Asthma,Lifestyle Advice,1655,Yes
23649,1243,515,10989,4/14/2024,Routine Checkup,Observation,2550,Yes
23650,1507,562,11829,6/13/2024,Fever,Observation,886,No
23651,1043,578,10212,6/27/2025,Infection,Physiotherapy,1075,Yes
23652,1330,517,10754,7/30/2024,Arthritis,Surgery,4388,Yes
23653,1791,522,10436,6/9/2025,Diabetes,Physiotherapy,3046,No
23654,1591,530,11902,5/11/2024,Arthritis,Surgery,2299,Yes
23655,1429,581,10084,5/31/2024,Migraine,Lifestyle Advice,3977,Yes
23656,1791,516,11236,4/5/2024,Migraine,Medication,4581,No
23657,1744,552,10779,5/17/2025,Asthma,Observation,3379,No
23658,1613,508,10834,6/5/2025,Back Pain,Lifestyle Advice,3136,No
23659,1162,564,12509,1/8/2025,Diabetes,Physiotherapy,4175,No
23660,1656,539,11961,1/16/2024,Fever,Lifestyle Advice,4367,No
23661,1959,531,10177,11/9/2025,Infection,Medication,436,No
23662,1621,512,11807,8/30/2025,Migraine,Surgery,3767,No
23663,1435,533,12360,1/18/2024,Hypertension,Medication,3039,Yes
23664,1233,558,11718,2/12/2025,Back Pain,Physiotherapy,704,No
23665,1111,512,11725,1/7/2024,Infection,Medication,2636,No
23666,1928,525,10186,11/26/2025,Skin Allergy,Observation,765,Yes
23667,1934,538,11495,9/1/2024,Diabetes,Medication,3017,Yes
23668,1232,548,11980,8/16/2025,Back Pain,Lifestyle Advice,1332,Yes
23669,1952,582,11333,10/4/2025,Arthritis,Surgery,3887,No
23670,1750,583,10246,5/8/2024,Hypertension,Observation,451,No
23671,1709,555,11853,3/30/2025,Diabetes,Observation,1861,Yes
23672,1273,503,10384,8/8/2025,Arthritis,Observation,2995,No
23673,1598,599,10285,7/24/2025,Skin Allergy,Physiotherapy,3866,No
23674,1807,569,10988,3/12/2024,Heart Disease,Physiotherapy,4670,No
23675,1041,535,10300,6/8/2024,Arthritis,Lifestyle Advice,2624,No
23676,1560,551,10901,3/27/2024,Skin Allergy,Surgery,1249,Yes
23677,1466,527,11460,2/4/2025,Arthritis,Medication,4638,No
23678,1924,537,11393,4/6/2025,Flu,Lifestyle Advice,4450,No
23679,1077,585,12922,6/12/2025,Hypertension,Physiotherapy,169,No
23680,1690,516,12534,3/29/2024,Back Pain,Lifestyle Advice,677,Yes
23681,1490,592,12484,10/22/2025,Back Pain,Surgery,4690,Yes
23682,1769,525,10806,1/6/2024,Infection,Lifestyle Advice,4184,No
23683,1117,533,12229,8/18/2025,Back Pain,Observation,4976,Yes
23684,1434,562,12931,3/24/2024,Skin Allergy,Medication,2550,No
23685,1019,517,11922,9/6/2024,Back Pain,Physiotherapy,228,No
23686,1994,543,10877,10/27/2025,Diabetes,Physiotherapy,1606,Yes
23687,1571,530,10694,2/19/2025,Fever,Surgery,4188,No
23688,1196,541,12388,3/12/2024,Hypertension,Surgery,1748,No
23689,1619,504,12539,9/12/2025,Infection,Surgery,3267,No
23690,1451,566,12543,4/21/2024,Diabetes,Physiotherapy,2648,No
23691,1425,560,11997,6/20/2024,Asthma,Observation,1579,No
23692,1394,509,10730,11/29/2025,Diabetes,Medication,1902,No
23693,1284,531,11187,9/29/2024,Fever,Surgery,107,No
23694,1034,589,11582,6/13/2025,Arthritis,Physiotherapy,319,No
23695,1295,600,12504,11/10/2025,Arthritis,Observation,824,Yes
23696,1251,569,10105,11/14/2024,Fever,Surgery,4297,No
23697,1638,524,12767,3/22/2024,Migraine,Surgery,2149,No
23698,1339,524,10439,3/15/2024,Skin Allergy,Medication,3885,Yes
23699,1618,593,11522,3/4/2025,Arthritis,Medication,4012,No
23700,1440,545,11352,4/4/2025,Infection,Lifestyle Advice,2842,No
23701,1180,595,12699,12/11/2024,Hypertension,Surgery,870,Yes
23702,1622,537,10509,9/5/2024,Back Pain,Lifestyle Advice,839,No
23703,1228,558,10251,10/4/2025,Arthritis,Physiotherapy,4395,Yes
23704,1633,583,11215,1/21/2025,Hypertension,Medication,4221,No
23705,1619,523,12095,12/13/2025,Skin Allergy,Observation,2117,No
23706,1643,535,10879,12/28/2024,Infection,Surgery,4297,Yes
23707,1023,563,11275,10/22/2024,Infection,Surgery,296,No
23708,1657,506,11018,3/8/2024,Heart Disease,Lifestyle Advice,609,No
23709,1327,506,12823,3/13/2025,Heart Disease,Medication,2095,No
23710,1154,530,12933,6/15/2025,Migraine,Lifestyle Advice,1114,No
23711,1619,501,10064,8/27/2025,Diabetes,Surgery,3201,No
23712,1146,563,10320,5/12/2024,Heart Disease,Medication,1022,Yes
23713,1252,508,10860,10/21/2024,Back Pain,Surgery,2446,No
23714,1302,528,12828,10/22/2024,Infection,Medication,3304,No
23715,1070,589,11548,10/8/2025,Heart Disease,Surgery,1891,Yes
23716,1543,533,12077,2/2/2024,Flu,Observation,1655,Yes
23717,1093,553,11675,1/8/2025,Asthma,Lifestyle Advice,120,No
23718,1649,538,10437,2/1/2024,Fever,Medication,2022,No
23719,1886,552,11990,7/8/2025,Migraine,Lifestyle Advice,1164,No
23720,1163,578,11621,10/31/2024,Fever,Medication,2083,No
23721,1081,511,10763,4/17/2024,Heart Disease,Medication,1999,No
23722,1828,502,10736,4/5/2024,Flu,Medication,3643,Yes
23723,1588,553,12499,3/6/2024,Asthma,Surgery,1066,No
23724,1063,594,10633,6/4/2025,Infection,Physiotherapy,2606,No
23725,1612,594,11579,8/17/2024,Flu,Surgery,613,Yes
23726,1436,568,11077,12/23/2024,Diabetes,Physiotherapy,3674,No
23727,1048,577,12281,2/5/2025,Back Pain,Surgery,3215,No
23728,1445,507,11831,4/8/2024,Infection,Physiotherapy,140,No
23729,1920,567,11899,9/27/2024,Heart Disease,Medication,362,No
23730,1074,509,10200,12/27/2024,Fever,Medication,1132,No
23731,1826,578,10674,6/12/2024,Diabetes,Physiotherapy,3224,No
23732,1704,563,10549,6/11/2025,Fever,Physiotherapy,1919,No
23733,1542,511,10937,6/17/2024,Hypertension,Lifestyle Advice,227,No
23734,1157,537,12145,1/21/2024,Skin Allergy,Medication,2678,Yes
23735,1487,514,10049,6/23/2025,Heart Disease,Surgery,4720,No
23736,1266,519,10896,8/17/2025,Migraine,Lifestyle Advice,4952,No
23737,1256,508,12570,1/31/2025,Skin Allergy,Physiotherapy,3113,No
23738,1039,507,12088,2/5/2024,Fever,Surgery,3311,No
23739,1055,559,10914,5/9/2025,Arthritis,Observation,993,No
23740,1028,563,11177,11/9/2024,Skin Allergy,Observation,2906,Yes
23741,1914,507,12601,5/4/2025,Skin Allergy,Observation,2379,No
23742,1937,555,10676,10/2/2024,Asthma,Surgery,4283,No
23743,1118,503,10770,8/20/2024,Arthritis,Physiotherapy,2913,No
23744,1370,567,10211,9/7/2025,Fever,Surgery,1887,No
23745,1209,518,12481,3/11/2025,Routine Checkup,Lifestyle Advice,4832,No
23746,1587,545,12755,1/6/2024,Migraine,Lifestyle Advice,2348,Yes
23747,1577,597,12613,6/18/2025,Infection,Observation,3133,Yes
23748,1849,592,10147,11/12/2025,Arthritis,Physiotherapy,2508,No
23749,1868,536,11523,10/25/2025,Fever,Lifestyle Advice,2279,Yes
23750,1612,516,12330,8/31/2024,Skin Allergy,Medication,276,No
23751,1558,579,12803,8/28/2024,Fever,Medication,3223,No
23752,1316,529,10495,7/11/2025,Back Pain,Observation,121,No
23753,1393,559,12457,9/29/2024,Migraine,Observation,752,No
23754,1941,518,11650,3/15/2024,Hypertension,Observation,3490,No
23755,1444,549,12321,10/9/2024,Arthritis,Lifestyle Advice,882,Yes
23756,1668,546,12506,12/8/2025,Back Pain,Physiotherapy,267,No
23757,1752,583,11144,6/18/2025,Heart Disease,Observation,1161,No
23758,1865,529,10046,3/27/2024,Heart Disease,Surgery,972,No
23759,1259,570,10311,9/24/2025,Hypertension,Observation,1881,Yes
23760,1947,550,12610,5/28/2024,Migraine,Lifestyle Advice,1496,No
23761,1648,555,10331,5/29/2024,Asthma,Physiotherapy,731,No
23762,1882,527,10011,7/30/2025,Back Pain,Observation,1701,Yes
23763,1198,507,10908,6/8/2024,Skin Allergy,Medication,2981,No
23764,1699,591,11401,3/21/2025,Asthma,Observation,1550,No
23765,1628,583,11592,3/22/2024,Arthritis,Observation,1963,No
23766,1445,581,10008,1/7/2024,Back Pain,Physiotherapy,821,No
23767,1570,541,10984,6/30/2024,Migraine,Surgery,4635,No
23768,1582,511,11751,6/9/2025,Hypertension,Observation,3436,No
23769,1605,505,11394,4/22/2025,Asthma,Observation,342,No
23770,1741,566,10566,7/1/2024,Skin Allergy,Lifestyle Advice,2748,No
23771,1908,556,12321,11/9/2024,Routine Checkup,Physiotherapy,4738,Yes
23772,1649,512,12989,7/9/2025,Migraine,Lifestyle Advice,4472,Yes
23773,1617,542,10901,6/22/2024,Routine Checkup,Observation,4745,Yes
23774,1305,575,12179,1/14/2024,Diabetes,Observation,502,Yes
23775,1339,510,12772,10/26/2024,Flu,Medication,1553,No
23776,1529,528,12682,3/13/2024,Asthma,Lifestyle Advice,1096,Yes
23777,1054,507,10114,5/28/2025,Heart Disease,Physiotherapy,4271,No
23778,1112,514,10532,12/22/2025,Hypertension,Observation,3250,No
23779,1684,577,11523,8/24/2025,Fever,Medication,4513,No
23780,1928,569,11045,12/8/2024,Routine Checkup,Medication,3601,Yes
23781,1419,561,11744,1/30/2025,Heart Disease,Surgery,1286,No
23782,1974,551,10033,11/28/2024,Routine Checkup,Physiotherapy,1481,Yes
23783,1305,542,10133,12/20/2024,Heart Disease,Medication,4524,No
23784,1438,508,12968,7/12/2025,Asthma,Physiotherapy,1954,No
23785,1656,550,11727,6/11/2024,Infection,Observation,2004,No
23786,1085,501,10975,4/25/2024,Migraine,Surgery,3766,No
23787,1524,569,10026,2/6/2025,Back Pain,Physiotherapy,2048,No
23788,1252,511,12649,3/19/2024,Back Pain,Surgery,4133,No
23789,1728,548,10545,3/22/2025,Flu,Physiotherapy,4671,Yes
23790,1126,510,11262,1/8/2024,Hypertension,Physiotherapy,3627,No
23791,1610,515,12066,1/23/2024,Asthma,Lifestyle Advice,1852,No
23792,1904,547,10934,6/26/2025,Flu,Surgery,1837,No
23793,1405,593,12337,2/17/2025,Flu,Physiotherapy,1913,No
23794,1304,525,11051,11/12/2025,Skin Allergy,Lifestyle Advice,2054,No
23795,1904,506,10817,10/3/2025,Migraine,Lifestyle Advice,4109,No
23796,1028,511,11935,2/12/2025,Fever,Surgery,637,Yes
23797,1848,517,10108,10/30/2025,Flu,Observation,2490,No
23798,1266,515,10948,1/22/2024,Flu,Surgery,1889,Yes
23799,1052,516,10738,9/29/2025,Heart Disease,Physiotherapy,1290,Yes
23800,1655,556,12372,2/6/2025,Asthma,Observation,4036,No
23801,1644,566,12915,11/11/2025,Fever,Surgery,1595,Yes
23802,1858,536,12783,11/8/2025,Asthma,Surgery,2287,No
23803,1511,583,10793,6/5/2024,Migraine,Surgery,4623,No
23804,1207,538,11868,11/25/2024,Flu,Surgery,3470,No
23805,1996,585,11356,1/22/2024,Hypertension,Observation,1359,Yes
23806,1992,575,11386,4/16/2025,Infection,Physiotherapy,4175,Yes
23807,1574,503,10289,9/20/2024,Flu,Lifestyle Advice,3130,No
23808,1875,598,11468,10/29/2024,Heart Disease,Surgery,4795,No
23809,1511,518,11061,12/24/2025,Arthritis,Lifestyle Advice,196,Yes
23810,1998,579,11372,4/9/2025,Migraine,Lifestyle Advice,4673,Yes
23811,1644,589,12940,6/12/2024,Infection,Lifestyle Advice,4686,Yes
23812,1553,554,10043,5/15/2024,Fever,Surgery,1419,Yes
23813,1201,579,11150,9/8/2024,Heart Disease,Surgery,4601,No
23814,1611,594,12057,7/23/2024,Asthma,Surgery,814,No
23815,1823,517,12232,10/28/2024,Arthritis,Surgery,2594,No
23816,1284,582,12943,8/29/2024,Diabetes,Medication,2846,No
23817,1357,595,11077,3/1/2024,Diabetes,Physiotherapy,4143,Yes
23818,1047,582,11874,4/9/2025,Infection,Medication,684,No
23819,1137,599,12918,10/28/2024,Heart Disease,Observation,1053,No
23820,1130,513,10533,4/16/2025,Fever,Medication,2997,Yes
23821,1195,563,11319,1/28/2025,Hypertension,Medication,2130,No
23822,1629,514,11232,8/29/2025,Routine Checkup,Medication,693,No
23823,1364,559,12711,10/21/2025,Diabetes,Physiotherapy,1931,No
23824,1432,536,11501,9/15/2024,Infection,Lifestyle Advice,455,No
23825,1069,518,11994,6/25/2025,Flu,Observation,1776,No
23826,1458,505,10954,6/13/2025,Routine Checkup,Observation,3218,No
23827,1540,514,10069,7/5/2024,Diabetes,Physiotherapy,211,Yes
23828,1335,525,11867,7/30/2024,Heart Disease,Medication,3834,Yes
23829,1526,544,11949,2/4/2024,Flu,Lifestyle Advice,4570,No
23830,1558,539,10301,5/26/2024,Asthma,Surgery,944,Yes
23831,1983,512,10027,10/8/2024,Migraine,Physiotherapy,2273,No
23832,1909,561,12978,6/30/2025,Flu,Lifestyle Advice,3178,No
23833,1016,562,12702,8/10/2025,Flu,Physiotherapy,2709,Yes
23834,1990,553,12601,8/6/2025,Infection,Physiotherapy,1483,No
23835,1936,553,12154,9/5/2024,Flu,Surgery,4070,No
23836,1456,528,10586,2/26/2024,Fever,Lifestyle Advice,461,Yes
23837,1510,535,12620,10/31/2024,Routine Checkup,Medication,778,No
23838,1209,565,10810,6/5/2025,Flu,Lifestyle Advice,2911,No
23839,1158,503,10634,12/25/2025,Diabetes,Lifestyle Advice,2922,Yes
23840,1337,543,11739,12/26/2024,Migraine,Medication,1831,Yes
23841,1739,550,12979,8/24/2024,Asthma,Surgery,1387,Yes
23842,1961,571,10659,8/21/2024,Arthritis,Lifestyle Advice,4995,Yes
23843,1241,509,11240,8/10/2024,Asthma,Medication,374,Yes
23844,1058,536,12934,9/7/2025,Asthma,Physiotherapy,1005,No
23845,1984,523,12369,11/22/2024,Asthma,Physiotherapy,1982,Yes
23846,1816,588,10460,4/7/2024,Back Pain,Medication,591,Yes
23847,1305,574,12627,8/13/2024,Heart Disease,Physiotherapy,4854,Yes
23848,1345,550,12925,5/3/2025,Heart Disease,Lifestyle Advice,640,No
23849,1642,555,12802,4/22/2025,Fever,Medication,2986,No
23850,1729,512,10160,11/29/2024,Hypertension,Lifestyle Advice,4515,No
23851,1014,583,10464,7/8/2025,Heart Disease,Observation,555,No
23852,1359,532,10998,5/26/2025,Hypertension,Surgery,750,No
23853,1377,524,11546,1/16/2025,Flu,Surgery,1412,No
23854,1243,586,12289,2/26/2025,Asthma,Surgery,1404,Yes
23855,1993,567,10936,12/13/2024,Asthma,Medication,4612,Yes
23856,1145,527,11679,6/1/2024,Arthritis,Observation,3709,Yes
23857,1891,561,10865,3/27/2025,Back Pain,Surgery,903,No
23858,1415,519,11191,10/16/2024,Skin Allergy,Lifestyle Advice,897,Yes
23859,1394,573,12698,4/28/2024,Asthma,Surgery,3484,Yes
23860,1838,551,12375,8/1/2024,Asthma,Observation,4804,No
23861,1615,564,10865,7/18/2025,Heart Disease,Lifestyle Advice,2112,No
23862,1729,577,12577,3/14/2025,Back Pain,Lifestyle Advice,2940,No
23863,1358,502,11297,7/18/2025,Back Pain,Medication,3162,No
23864,1933,536,12927,9/20/2025,Hypertension,Medication,1180,No
23865,1576,593,11936,3/22/2025,Skin Allergy,Physiotherapy,1413,No
23866,1158,511,10334,2/11/2024,Heart Disease,Observation,2745,No
23867,1674,598,11644,1/29/2025,Diabetes,Lifestyle Advice,3734,No
23868,1018,568,12930,9/3/2024,Migraine,Observation,2153,Yes
23869,1728,568,12398,10/17/2024,Hypertension,Surgery,3614,No
23870,1831,564,12222,9/4/2024,Heart Disease,Surgery,409,Yes
23871,1561,501,12164,9/4/2025,Back Pain,Physiotherapy,884,No
23872,1568,589,11719,8/21/2025,Routine Checkup,Lifestyle Advice,1714,No
23873,1347,526,12409,3/24/2025,Arthritis,Lifestyle Advice,922,Yes
23874,1058,511,11690,3/24/2024,Migraine,Physiotherapy,1427,No
23875,1155,587,11783,8/8/2024,Fever,Surgery,157,Yes
23876,1567,502,12124,10/27/2025,Migraine,Lifestyle Advice,1348,No
23877,1487,583,12804,2/20/2024,Hypertension,Observation,1549,No
23878,1853,593,11105,7/3/2025,Asthma,Lifestyle Advice,617,Yes
23879,1531,540,10072,7/5/2024,Back Pain,Surgery,2177,No
23880,1487,504,10452,6/8/2025,Arthritis,Lifestyle Advice,250,Yes
23881,1151,580,12959,8/10/2024,Hypertension,Lifestyle Advice,4743,No
23882,1359,537,11779,4/9/2025,Arthritis,Medication,2257,No
23883,1368,561,12415,2/22/2025,Back Pain,Lifestyle Advice,3773,No
23884,1620,591,10826,3/27/2024,Migraine,Physiotherapy,2613,No
23885,1047,505,12718,9/15/2024,Diabetes,Physiotherapy,2384,Yes
23886,1207,515,11336,6/29/2024,Hypertension,Observation,1494,No
23887,1875,587,12158,11/6/2024,Asthma,Lifestyle Advice,1805,Yes
23888,1450,567,10052,6/21/2024,Heart Disease,Observation,1272,No
23889,1483,582,11963,11/17/2024,Skin Allergy,Surgery,2521,Yes
23890,1947,526,10467,12/7/2025,Flu,Surgery,699,No
23891,1852,506,11675,12/5/2024,Fever,Medication,3604,No
23892,1924,544,11933,5/10/2025,Back Pain,Medication,2399,Yes
23893,1640,558,12866,9/1/2024,Hypertension,Lifestyle Advice,4115,Yes
23894,1697,581,11362,5/19/2025,Migraine,Lifestyle Advice,1596,Yes
23895,1570,546,10787,11/24/2024,Migraine,Observation,3217,No
23896,1143,542,10556,7/14/2024,Arthritis,Observation,4802,Yes
23897,1400,548,12977,3/2/2024,Heart Disease,Lifestyle Advice,534,Yes
23898,1097,527,12040,1/25/2024,Arthritis,Lifestyle Advice,2758,No
23899,1047,520,12307,7/17/2025,Fever,Medication,3799,Yes
23900,1191,570,11763,7/15/2025,Back Pain,Medication,2423,No
23901,1140,535,12113,1/12/2025,Infection,Medication,2995,No
23902,1615,576,12211,10/21/2024,Asthma,Lifestyle Advice,1631,No
23903,1231,548,11702,2/21/2024,Hypertension,Observation,3266,No
23904,1939,567,12087,2/9/2024,Arthritis,Physiotherapy,4862,Yes
23905,1340,568,12713,7/25/2025,Fever,Physiotherapy,881,Yes
23906,1925,552,12368,12/28/2025,Flu,Observation,1525,No
23907,1491,568,12408,4/1/2025,Fever,Observation,2651,Yes
23908,1049,504,12317,12/9/2025,Asthma,Observation,3586,No
23909,1899,539,12372,1/2/2024,Migraine,Medication,2423,No
23910,1624,521,12374,4/13/2025,Migraine,Surgery,4521,No
23911,1453,566,11611,4/15/2024,Hypertension,Lifestyle Advice,656,Yes
23912,1316,516,10257,8/3/2024,Flu,Medication,612,No
23913,1322,507,12248,11/9/2025,Fever,Physiotherapy,3318,No
23914,1087,583,10610,2/17/2025,Migraine,Lifestyle Advice,4251,No
23915,1894,597,11128,7/28/2024,Arthritis,Observation,4215,No
23916,1474,509,11396,2/27/2024,Back Pain,Physiotherapy,3641,No
23917,1282,517,10905,2/12/2024,Routine Checkup,Observation,2999,No
23918,1839,591,10164,5/17/2024,Migraine,Observation,4196,No
23919,1764,597,11137,9/12/2025,Fever,Observation,3060,No
23920,1074,512,10615,5/3/2025,Asthma,Lifestyle Advice,1352,Yes
23921,1453,557,12026,7/13/2025,Back Pain,Physiotherapy,824,Yes
23922,1047,545,10106,9/29/2025,Diabetes,Physiotherapy,1406,Yes
23923,1588,511,10699,4/13/2025,Asthma,Observation,859,Yes
23924,1096,513,10364,12/26/2025,Infection,Medication,326,Yes
23925,1938,531,12708,10/1/2025,Migraine,Surgery,4897,No
23926,1031,577,12022,1/23/2025,Asthma,Medication,407,No
23927,1534,526,11153,7/16/2024,Skin Allergy,Lifestyle Advice,3478,No
23928,1017,563,10699,7/20/2024,Skin Allergy,Surgery,3109,Yes
23929,1212,531,10747,7/10/2024,Skin Allergy,Medication,1617,No
23930,1660,522,11976,4/16/2024,Diabetes,Physiotherapy,1631,No
23931,1235,506,11644,12/6/2025,Back Pain,Medication,1944,No
23932,1392,520,10961,11/22/2024,Skin Allergy,Observation,2768,No
23933,1354,585,12978,10/5/2025,Migraine,Lifestyle Advice,4848,No
23934,1305,510,10209,12/22/2024,Migraine,Medication,896,No
23935,1599,583,11312,8/17/2025,Hypertension,Medication,4675,No
23936,1550,535,11892,5/15/2025,Arthritis,Surgery,1879,No
23937,1565,526,11177,10/10/2024,Routine Checkup,Observation,685,No
23938,1540,571,12539,4/12/2025,Heart Disease,Surgery,1478,No
23939,1589,537,12751,5/22/2025,Fever,Lifestyle Advice,4457,No
23940,1925,508,12040,4/15/2024,Diabetes,Lifestyle Advice,4890,Yes
23941,1509,505,11453,10/20/2024,Asthma,Observation,3910,Yes
23942,1712,544,12550,3/6/2024,Arthritis,Surgery,4131,Yes
23943,1395,600,10666,7/13/2024,Infection,Observation,2824,Yes
23944,1431,592,11618,7/6/2024,Asthma,Surgery,1947,No
23945,1685,567,12269,2/16/2024,Asthma,Physiotherapy,2337,Yes
23946,1786,572,10435,12/27/2024,Routine Checkup,Observation,1141,No
23947,1562,579,12328,6/20/2025,Heart Disease,Lifestyle Advice,4939,Yes
23948,1857,591,11647,7/31/2025,Infection,Surgery,3585,No
23949,1177,549,12572,5/1/2025,Flu,Physiotherapy,342,Yes
23950,1406,536,12041,8/1/2025,Heart Disease,Lifestyle Advice,2200,No
23951,1301,580,11163,12/9/2025,Diabetes,Surgery,1349,No
23952,1445,526,10667,9/2/2024,Flu,Physiotherapy,1837,No
23953,1739,545,11441,9/3/2025,Infection,Lifestyle Advice,3769,No
23954,1127,561,12000,6/26/2024,Skin Allergy,Lifestyle Advice,2018,Yes
23955,1349,544,12780,4/24/2024,Diabetes,Physiotherapy,4514,No
23956,1021,504,10348,11/10/2025,Back Pain,Lifestyle Advice,2854,No
23957,1711,576,10765,9/22/2025,Routine Checkup,Surgery,1492,Yes
23958,1701,581,10934,6/13/2024,Migraine,Surgery,347,Yes
23959,1844,558,10183,8/6/2024,Skin Allergy,Lifestyle Advice,4372,Yes
23960,1420,526,12556,7/15/2024,Fever,Medication,1785,No
23961,1152,595,12246,2/4/2025,Flu,Physiotherapy,2031,No
23962,1160,579,11706,11/11/2025,Migraine,Medication,4116,Yes
23963,1859,598,11147,3/16/2024,Hypertension,Surgery,4208,No
23964,1480,529,10381,3/1/2025,Hypertension,Lifestyle Advice,3532,Yes
23965,1443,509,10825,10/13/2024,Flu,Observation,4484,Yes
23966,1096,578,11539,6/28/2025,Flu,Observation,4626,No
23967,1352,536,11638,10/25/2024,Diabetes,Medication,4084,No
23968,1986,504,10192,12/7/2025,Arthritis,Medication,3922,No
23969,1075,559,10525,10/20/2024,Back Pain,Medication,2181,No
23970,1878,537,11094,3/22/2025,Back Pain,Surgery,1447,No
23971,1594,588,12337,2/17/2025,Hypertension,Surgery,4836,Yes
23972,1640,581,10105,3/6/2025,Flu,Lifestyle Advice,232,Yes
23973,1359,513,11740,8/17/2024,Flu,Surgery,3723,No
23974,1133,520,12361,4/5/2024,Migraine,Lifestyle Advice,1954,No
23975,1400,517,11677,3/14/2025,Migraine,Lifestyle Advice,3044,Yes
23976,1139,551,12355,6/19/2024,Asthma,Medication,500,No
23977,1246,591,10821,11/12/2024,Infection,Observation,705,No
23978,1291,555,10036,6/27/2025,Heart Disease,Medication,4806,No
23979,1112,533,12935,5/5/2025,Skin Allergy,Surgery,231,No
23980,1715,521,11049,1/22/2025,Diabetes,Physiotherapy,4588,Yes
23981,1170,581,11873,7/10/2025,Infection,Surgery,4776,Yes
23982,1599,522,11061,3/12/2024,Back Pain,Observation,4606,No
23983,1631,525,11043,6/15/2025,Fever,Surgery,4540,Yes
23984,1610,567,12083,8/26/2024,Infection,Observation,903,Yes
23985,1240,591,11442,12/11/2025,Migraine,Physiotherapy,3367,Yes
23986,1337,591,11846,7/30/2025,Skin Allergy,Physiotherapy,4389,No
23987,1138,512,11542,11/30/2025,Asthma,Lifestyle Advice,3733,Yes
23988,1594,515,10467,3/29/2024,Asthma,Surgery,2776,Yes
23989,1236,584,12945,12/13/2025,Diabetes,Lifestyle Advice,1315,Yes
23990,1648,586,10199,6/18/2025,Hypertension,Medication,2577,No
23991,1794,502,11592,10/3/2025,Asthma,Medication,2364,No
23992,1003,504,12816,6/2/2024,Hypertension,Medication,1069,Yes
23993,1571,545,11235,8/12/2025,Diabetes,Medication,700,No
23994,1116,513,10241,7/8/2024,Heart Disease,Medication,4555,No
23995,1472,555,11194,2/18/2025,Fever,Surgery,1432,No
23996,1131,532,11883,6/2/2024,Infection,Lifestyle Advice,2816,Yes
23997,1934,522,10294,9/16/2025,Diabetes,Lifestyle Advice,4616,No
23998,1898,589,10922,12/4/2024,Heart Disease,Observation,881,No
23999,1483,591,11763,9/20/2025,Flu,Medication,3908,Yes
24000,1401,555,11339,5/31/2025,Flu,Physiotherapy,1534,Yes
24001,1201,517,10468,2/4/2024,Flu,Observation,4438,Yes
24002,1292,570,12415,11/1/2025,Skin Allergy,Observation,1116,No
24003,1342,551,12364,12/22/2025,Skin Allergy,Surgery,2319,No
24004,1991,580,10758,6/9/2025,Hypertension,Observation,2802,Yes
24005,1610,508,11114,6/20/2025,Back Pain,Physiotherapy,4006,Yes
24006,1216,561,11542,8/5/2024,Skin Allergy,Lifestyle Advice,2916,No
24007,1636,597,12499,9/10/2024,Asthma,Observation,4091,No
24008,1585,510,12826,7/21/2024,Migraine,Surgery,559,No
24009,1366,598,10908,4/10/2024,Flu,Medication,3740,No
24010,1890,519,11633,12/26/2024,Asthma,Physiotherapy,631,No
24011,1642,514,12494,12/11/2025,Arthritis,Medication,2077,Yes
24012,1469,567,10957,6/26/2024,Migraine,Observation,3377,No
24013,1418,555,12128,10/2/2024,Hypertension,Lifestyle Advice,3864,No
24014,1027,561,12186,11/7/2024,Routine Checkup,Surgery,390,No
24015,1677,556,12700,10/3/2025,Skin Allergy,Physiotherapy,3675,No
24016,1455,563,12899,2/13/2025,Routine Checkup,Lifestyle Advice,4854,No
24017,1918,587,11532,10/14/2024,Hypertension,Physiotherapy,4749,Yes
24018,1580,511,10552,10/14/2025,Infection,Surgery,2575,Yes
24019,1014,547,12122,6/8/2025,Routine Checkup,Surgery,612,No
24020,1098,506,12098,2/4/2025,Skin Allergy,Observation,1739,No
24021,1279,534,10388,8/4/2024,Skin Allergy,Physiotherapy,354,No
24022,1940,565,12433,11/28/2025,Diabetes,Observation,4916,No
24023,1490,599,10299,4/14/2025,Heart Disease,Physiotherapy,2737,Yes
24024,1985,589,10339,1/27/2024,Heart Disease,Physiotherapy,2065,No
24025,1961,564,10474,12/30/2025,Routine Checkup,Medication,150,No
24026,1883,593,10616,2/25/2025,Fever,Observation,899,No
24027,1759,587,10962,1/14/2024,Fever,Physiotherapy,199,No
24028,1624,582,10792,5/15/2025,Infection,Physiotherapy,1847,Yes
24029,1207,578,11194,10/15/2025,Arthritis,Surgery,2611,Yes
24030,1864,581,10013,11/20/2024,Infection,Medication,336,No
24031,1846,566,10449,11/19/2024,Fever,Surgery,571,No
24032,1233,531,12222,7/20/2025,Routine Checkup,Observation,2304,No
24033,1573,583,11698,12/3/2025,Back Pain,Observation,238,No
24034,1597,596,11983,10/11/2024,Asthma,Physiotherapy,2962,No
24035,1695,562,11156,3/29/2024,Arthritis,Lifestyle Advice,1483,No
24036,1239,554,12643,2/14/2024,Arthritis,Surgery,3195,No
24037,1250,592,11921,10/5/2025,Flu,Observation,4601,Yes
24038,1583,508,12980,5/12/2025,Heart Disease,Physiotherapy,1812,No
24039,1740,542,11899,5/12/2025,Infection,Physiotherapy,1050,No
24040,1597,541,12317,7/31/2025,Fever,Surgery,3896,No
24041,1306,559,11275,10/21/2025,Back Pain,Physiotherapy,2473,No
24042,2000,540,11394,5/24/2024,Skin Allergy,Medication,1457,Yes
24043,1908,522,12666,6/1/2025,Infection,Lifestyle Advice,4524,Yes
24044,1463,524,10773,3/22/2024,Arthritis,Surgery,1799,No
24045,1783,538,12913,9/26/2025,Infection,Surgery,2236,Yes
24046,1913,502,12574,6/15/2024,Diabetes,Surgery,4210,No
24047,1802,541,11616,4/14/2024,Migraine,Physiotherapy,3472,No
24048,1236,519,10888,5/2/2025,Asthma,Physiotherapy,733,No
24049,1291,502,12720,11/5/2024,Routine Checkup,Surgery,1983,Yes
24050,1039,592,12226,3/22/2024,Hypertension,Surgery,2416,No
24051,1998,596,12307,4/3/2024,Diabetes,Medication,1228,No
24052,1718,562,10260,11/16/2024,Hypertension,Observation,2486,No
24053,1183,583,11513,12/8/2024,Flu,Medication,491,Yes
24054,1699,516,10643,12/26/2024,Heart Disease,Surgery,268,No
24055,1645,594,12129,3/6/2024,Arthritis,Physiotherapy,3188,Yes
24056,1030,522,11083,9/15/2025,Heart Disease,Physiotherapy,2152,No
24057,1388,514,11263,3/4/2025,Hypertension,Surgery,4065,No
24058,1767,556,12177,2/4/2025,Back Pain,Observation,3308,No
24059,1143,565,10412,6/19/2024,Flu,Lifestyle Advice,4814,Yes
24060,1615,545,12363,7/31/2025,Migraine,Lifestyle Advice,1285,Yes
24061,1419,554,12503,3/8/2024,Infection,Medication,4964,No
24062,1074,566,10615,5/6/2025,Heart Disease,Observation,2827,Yes
24063,1055,586,10899,2/3/2024,Skin Allergy,Lifestyle Advice,3609,Yes
24064,1962,546,12951,1/1/2024,Fever,Observation,4577,No
24065,1748,533,10232,5/30/2024,Arthritis,Physiotherapy,4677,Yes
24066,1572,579,12659,9/14/2024,Fever,Physiotherapy,3526,Yes
24067,1024,550,10730,9/19/2025,Heart Disease,Observation,4820,No
24068,1988,522,11421,8/10/2025,Fever,Surgery,1813,Yes
24069,1022,540,11773,1/19/2024,Routine Checkup,Lifestyle Advice,2612,No
24070,1428,539,11704,2/4/2024,Infection,Lifestyle Advice,3361,No
24071,1032,541,12930,1/5/2025,Back Pain,Physiotherapy,4689,No
24072,1863,575,11598,5/5/2025,Arthritis,Medication,2778,No
24073,1339,568,10318,8/28/2024,Flu,Lifestyle Advice,381,Yes
24074,1947,507,11531,1/7/2024,Migraine,Physiotherapy,529,No
24075,1981,585,12570,7/2/2025,Migraine,Physiotherapy,2728,No
24076,1515,571,11111,1/5/2025,Flu,Observation,4448,No
24077,1512,504,10716,10/26/2025,Skin Allergy,Observation,4758,No
24078,1070,576,11342,9/6/2024,Asthma,Observation,3312,Yes
24079,1672,591,11134,4/24/2024,Hypertension,Medication,4732,No
24080,1898,559,11779,7/6/2025,Arthritis,Lifestyle Advice,3045,No
24081,1088,581,11097,12/2/2024,Diabetes,Medication,2417,Yes
24082,1877,584,12932,7/27/2025,Skin Allergy,Medication,4084,No
24083,1571,595,10202,11/11/2025,Back Pain,Observation,3532,No
24084,1764,526,12141,5/21/2024,Asthma,Physiotherapy,2763,Yes
24085,1219,531,11673,4/29/2025,Asthma,Surgery,1035,Yes
24086,1713,599,11057,3/13/2025,Routine Checkup,Physiotherapy,2442,No
24087,1589,573,10419,3/28/2024,Skin Allergy,Physiotherapy,1788,No
24088,1767,569,12599,4/7/2025,Asthma,Physiotherapy,982,No
24089,1759,552,10626,2/17/2024,Heart Disease,Physiotherapy,2619,No
24090,1270,572,10845,4/25/2025,Routine Checkup,Medication,916,Yes
24091,1819,521,11879,6/7/2025,Routine Checkup,Observation,3332,No
24092,1651,516,11945,7/29/2024,Migraine,Observation,3966,No
24093,1078,551,12930,8/31/2024,Diabetes,Physiotherapy,2946,No
24094,1592,516,12768,8/26/2024,Arthritis,Surgery,777,No
24095,1010,518,12992,7/15/2024,Back Pain,Lifestyle Advice,2354,No
24096,1468,547,10394,8/22/2024,Migraine,Physiotherapy,3083,No
24097,1336,556,12857,7/5/2024,Heart Disease,Physiotherapy,2589,Yes
24098,1636,528,12920,12/13/2025,Infection,Surgery,2414,No
24099,1186,582,12915,9/6/2025,Migraine,Medication,2546,Yes
24100,1546,578,12619,10/16/2024,Asthma,Physiotherapy,1988,No
24101,1121,556,12682,8/8/2024,Arthritis,Surgery,1820,No
24102,1592,537,10632,5/11/2025,Fever,Medication,2003,Yes
24103,1718,516,12857,5/10/2025,Back Pain,Medication,323,No
24104,1565,585,10322,10/28/2024,Diabetes,Physiotherapy,4860,No
24105,1668,565,10574,7/5/2024,Infection,Medication,1034,No
24106,1274,560,11694,3/25/2025,Arthritis,Physiotherapy,1412,Yes
24107,1410,561,11064,2/15/2025,Arthritis,Physiotherapy,1408,Yes
24108,1358,511,11477,9/2/2025,Flu,Observation,325,No
24109,1647,575,12918,9/1/2024,Asthma,Lifestyle Advice,299,No
24110,1941,566,12794,11/8/2024,Back Pain,Lifestyle Advice,4699,No
24111,1098,532,11148,5/10/2025,Back Pain,Observation,4206,No
24112,1241,519,12985,1/22/2024,Routine Checkup,Physiotherapy,2984,Yes
24113,1557,556,10959,3/8/2024,Hypertension,Surgery,2424,Yes
24114,1711,505,10048,1/26/2025,Asthma,Medication,4093,No
24115,1993,503,12237,11/11/2024,Routine Checkup,Observation,4033,Yes
24116,1803,528,12352,3/5/2024,Skin Allergy,Observation,1697,No
24117,1948,590,11583,12/29/2025,Hypertension,Observation,104,No
24118,1114,587,12417,6/24/2025,Skin Allergy,Observation,379,No
24119,1487,594,10460,12/5/2025,Back Pain,Lifestyle Advice,3119,No
24120,1789,572,12295,7/21/2025,Flu,Physiotherapy,2464,No
24121,1241,600,12312,7/30/2024,Heart Disease,Observation,226,No
24122,1156,529,11230,7/18/2024,Back Pain,Observation,4499,No
24123,1352,577,11531,6/26/2024,Migraine,Observation,2896,No
24124,1044,559,10530,2/26/2025,Flu,Surgery,4926,Yes
24125,1592,525,11388,10/26/2025,Back Pain,Surgery,3349,No
24126,1312,522,12798,4/6/2025,Heart Disease,Medication,4001,Yes
24127,1138,597,11364,2/13/2024,Routine Checkup,Physiotherapy,4685,No
24128,1663,571,10407,3/6/2025,Hypertension,Observation,4632,Yes
24129,1944,523,10453,6/16/2024,Heart Disease,Medication,3801,No
24130,1436,570,11901,10/13/2024,Fever,Medication,582,Yes
24131,1754,579,10814,12/9/2025,Diabetes,Physiotherapy,3139,No
24132,1143,579,10578,12/2/2024,Diabetes,Surgery,4510,No
24133,1823,540,11932,8/8/2025,Heart Disease,Physiotherapy,1607,No
24134,1299,598,10147,6/19/2024,Arthritis,Medication,3268,Yes
24135,1562,514,10406,7/1/2024,Diabetes,Physiotherapy,1038,No
24136,1262,529,10183,1/16/2024,Asthma,Surgery,116,No
24137,1512,516,10236,5/10/2025,Arthritis,Medication,4642,No
24138,1673,593,10638,8/2/2025,Back Pain,Physiotherapy,4474,Yes
24139,1062,587,10179,7/7/2025,Arthritis,Observation,4042,Yes
24140,1567,510,12480,4/19/2024,Migraine,Observation,4647,No
24141,1423,547,10525,7/6/2025,Diabetes,Physiotherapy,2813,No
24142,1396,504,12791,11/1/2024,Arthritis,Physiotherapy,4801,No
24143,1884,512,11564,1/6/2024,Skin Allergy,Surgery,3985,Yes
24144,1996,542,11915,11/23/2025,Asthma,Medication,3717,Yes
24145,1031,598,12371,9/29/2024,Arthritis,Physiotherapy,1133,Yes
24146,1330,504,11285,12/26/2024,Heart Disease,Medication,1911,Yes
24147,1949,584,11636,7/3/2024,Flu,Observation,2107,No
24148,1802,592,11724,10/17/2025,Diabetes,Medication,4296,Yes
24149,1169,592,12447,4/9/2024,Flu,Lifestyle Advice,569,No
24150,1266,506,10337,3/30/2024,Routine Checkup,Surgery,1424,No
24151,1308,514,10119,9/2/2024,Infection,Surgery,3377,Yes
24152,1459,535,11582,8/26/2024,Hypertension,Medication,1724,No
24153,1185,547,12461,12/24/2025,Hypertension,Surgery,1335,No
24154,1334,558,10580,3/21/2024,Flu,Medication,218,Yes
24155,1515,565,12353,4/24/2024,Hypertension,Medication,1983,No
24156,1441,519,10196,10/2/2024,Flu,Observation,2104,No
24157,1673,557,10333,3/20/2024,Asthma,Medication,887,No
24158,1391,565,10623,7/21/2025,Back Pain,Surgery,2575,No
24159,1772,513,10658,6/27/2024,Back Pain,Lifestyle Advice,2867,No
24160,1935,508,10704,11/4/2024,Flu,Physiotherapy,1527,No
24161,1560,518,11457,7/14/2025,Back Pain,Surgery,342,Yes
24162,1254,535,10883,5/23/2025,Skin Allergy,Lifestyle Advice,4138,Yes
24163,1586,587,11450,9/16/2024,Flu,Surgery,4822,No
24164,1335,526,11253,10/18/2024,Arthritis,Lifestyle Advice,4013,No
24165,1400,538,10524,10/17/2024,Back Pain,Surgery,115,Yes
24166,1166,584,12265,6/25/2025,Hypertension,Physiotherapy,4711,Yes
24167,1260,566,10990,3/3/2024,Fever,Observation,2882,No
24168,1004,526,12423,8/16/2025,Hypertension,Observation,1923,No
24169,1888,557,10036,2/8/2025,Arthritis,Physiotherapy,110,Yes
24170,1119,600,10776,4/24/2025,Fever,Surgery,378,Yes
24171,1996,525,10028,11/20/2024,Infection,Lifestyle Advice,3042,Yes
24172,1923,530,10086,1/15/2025,Diabetes,Medication,4528,No
24173,1470,582,12236,11/11/2025,Migraine,Surgery,2891,No
24174,1470,507,12353,11/5/2024,Asthma,Physiotherapy,2185,Yes
24175,1785,527,12814,12/8/2024,Routine Checkup,Observation,1206,No
24176,1493,511,12128,10/31/2025,Infection,Observation,131,Yes
24177,1738,508,10186,4/19/2025,Migraine,Surgery,3225,No
24178,1864,511,11029,2/25/2024,Arthritis,Lifestyle Advice,836,Yes
24179,1500,588,10558,2/28/2025,Fever,Physiotherapy,1948,No
24180,1070,530,12557,5/21/2024,Heart Disease,Physiotherapy,3132,No
24181,1694,594,11638,10/22/2025,Arthritis,Lifestyle Advice,3708,Yes
24182,1865,515,10971,1/10/2025,Heart Disease,Lifestyle Advice,4240,No
24183,1776,556,11026,8/13/2024,Diabetes,Surgery,2777,Yes
24184,1370,535,10217,4/18/2025,Arthritis,Surgery,393,No
24185,1181,539,10257,1/25/2024,Flu,Observation,3296,Yes
24186,1996,524,11477,11/20/2025,Heart Disease,Observation,1671,Yes
24187,1005,508,11448,12/30/2024,Flu,Lifestyle Advice,3148,No
24188,1197,543,10324,4/4/2024,Diabetes,Medication,3039,No
24189,1047,542,11605,5/22/2025,Skin Allergy,Medication,4362,No
24190,1970,584,12245,7/18/2025,Heart Disease,Medication,368,Yes
24191,1552,541,10504,8/4/2025,Heart Disease,Physiotherapy,1247,No
24192,1634,547,10694,6/24/2024,Routine Checkup,Surgery,3442,No
24193,1647,526,10959,10/5/2025,Migraine,Lifestyle Advice,979,No
24194,1140,552,12066,2/11/2025,Routine Checkup,Observation,158,No
24195,1862,588,12155,5/4/2025,Arthritis,Medication,2597,No
24196,1665,522,10125,4/3/2025,Arthritis,Observation,3991,No
24197,1540,505,10483,2/16/2025,Asthma,Surgery,316,No
24198,1427,515,12675,12/3/2024,Heart Disease,Lifestyle Advice,4439,Yes
24199,1589,536,12399,11/26/2024,Back Pain,Medication,4712,Yes
24200,1687,563,10351,7/31/2024,Infection,Medication,2411,No
24201,1561,593,10649,12/23/2025,Heart Disease,Lifestyle Advice,833,Yes
24202,1854,579,12949,12/10/2024,Flu,Observation,2602,No
24203,1310,591,10228,7/29/2025,Routine Checkup,Surgery,4739,No
24204,1274,549,12064,6/30/2025,Arthritis,Surgery,2521,No
24205,1539,555,11834,6/7/2025,Migraine,Surgery,3477,No
24206,1840,572,10425,12/11/2024,Migraine,Observation,473,No
24207,1390,560,12512,9/4/2024,Back Pain,Observation,211,No
24208,1459,557,10724,9/15/2025,Routine Checkup,Medication,2640,No
24209,1733,529,11822,11/20/2024,Migraine,Observation,393,No
24210,1634,519,10794,4/11/2025,Skin Allergy,Physiotherapy,2569,No
24211,1361,595,10177,3/31/2024,Arthritis,Lifestyle Advice,2298,Yes
24212,1069,573,12591,10/20/2024,Hypertension,Observation,3368,No
24213,1583,510,12557,6/24/2025,Asthma,Surgery,267,No
24214,1662,510,11586,6/7/2025,Fever,Observation,3253,Yes
24215,1699,597,11679,10/20/2025,Back Pain,Medication,169,Yes
24216,1431,589,10564,10/10/2025,Heart Disease,Lifestyle Advice,1525,No
24217,1885,557,12281,10/30/2025,Diabetes,Lifestyle Advice,2672,No
24218,1758,554,12539,9/15/2024,Heart Disease,Surgery,1754,No
24219,1708,556,11017,3/27/2024,Migraine,Lifestyle Advice,2359,Yes
24220,1032,568,10444,6/6/2024,Migraine,Physiotherapy,201,Yes
24221,1979,569,12068,5/8/2025,Back Pain,Lifestyle Advice,1831,Yes
24222,1621,587,10111,7/4/2024,Diabetes,Surgery,1461,No
24223,1865,555,12535,12/9/2024,Hypertension,Lifestyle Advice,432,No
24224,1513,569,10089,5/30/2025,Diabetes,Observation,2352,No
24225,1182,572,11142,7/22/2025,Diabetes,Medication,4424,No
24226,1686,581,12482,5/23/2025,Routine Checkup,Observation,3360,No
24227,1681,501,11942,6/23/2025,Diabetes,Physiotherapy,1222,Yes
24228,1248,512,10072,1/16/2024,Fever,Physiotherapy,2057,Yes
24229,1620,535,10822,6/8/2025,Infection,Medication,2059,Yes
24230,1882,578,10816,7/18/2024,Migraine,Medication,559,No
24231,1297,582,10404,7/2/2024,Heart Disease,Medication,1317,Yes
24232,1776,574,11699,11/4/2024,Hypertension,Medication,1030,No
24233,1928,579,10251,5/22/2025,Diabetes,Lifestyle Advice,410,Yes
24234,1030,533,12917,10/7/2024,Asthma,Observation,2989,Yes
24235,1302,583,12043,6/6/2024,Arthritis,Physiotherapy,1858,No
24236,1476,598,11596,12/25/2024,Hypertension,Lifestyle Advice,4441,No
24237,1873,525,11634,9/15/2024,Fever,Medication,571,No
24238,1948,516,11954,6/5/2024,Heart Disease,Surgery,4517,No
24239,1352,508,10868,2/28/2025,Fever,Surgery,4336,Yes
24240,1985,535,11891,8/28/2025,Hypertension,Observation,3280,No
24241,1482,585,10896,1/21/2024,Migraine,Physiotherapy,2460,No
24242,1317,583,10256,9/30/2025,Asthma,Physiotherapy,1244,No
24243,1737,546,11932,12/12/2024,Flu,Observation,198,Yes
24244,1397,511,11112,12/15/2024,Arthritis,Medication,3749,No
24245,1089,561,10873,1/19/2025,Back Pain,Medication,593,Yes
24246,1234,544,10492,3/13/2025,Fever,Physiotherapy,2257,Yes
24247,1168,511,12384,3/31/2025,Heart Disease,Physiotherapy,4679,Yes
24248,1743,511,11562,9/15/2025,Back Pain,Physiotherapy,2277,No
24249,1126,522,11431,6/29/2025,Infection,Medication,1523,No
24250,1573,585,10633,3/20/2024,Infection,Surgery,605,No
24251,1120,591,11313,3/27/2025,Migraine,Observation,4405,No
24252,1428,582,10362,8/17/2025,Flu,Observation,460,No
24253,1190,562,11465,6/24/2025,Heart Disease,Lifestyle Advice,253,No
24254,1633,548,10919,5/3/2025,Skin Allergy,Lifestyle Advice,632,Yes
24255,1428,594,10894,10/4/2025,Skin Allergy,Surgery,2111,No
24256,1560,563,12685,6/6/2025,Back Pain,Physiotherapy,2457,No
24257,1202,551,11247,1/26/2025,Heart Disease,Surgery,2883,No
24258,1059,545,10747,7/27/2025,Hypertension,Lifestyle Advice,2069,No
24259,1697,533,11148,12/24/2024,Asthma,Lifestyle Advice,2447,No
24260,1223,585,12731,2/2/2024,Fever,Observation,4536,Yes
24261,1492,560,11003,5/15/2024,Skin Allergy,Surgery,734,No
24262,1011,502,12022,8/22/2025,Fever,Medication,2701,Yes
24263,1793,513,11007,2/13/2025,Asthma,Lifestyle Advice,1292,Yes
24264,1701,566,12741,6/12/2025,Asthma,Observation,4615,No
24265,1512,557,10215,3/31/2024,Hypertension,Physiotherapy,836,No
24266,1814,543,12166,2/16/2025,Infection,Surgery,2536,Yes
24267,1310,545,10227,10/25/2024,Diabetes,Lifestyle Advice,1308,No
24268,1749,531,10891,5/1/2025,Routine Checkup,Medication,2158,No
24269,1034,510,12492,3/13/2024,Arthritis,Lifestyle Advice,707,Yes
24270,1340,523,12597,12/18/2025,Diabetes,Medication,3165,No
24271,1647,586,12877,9/17/2024,Back Pain,Surgery,3849,Yes
24272,1481,529,11632,11/20/2025,Heart Disease,Medication,4426,No
24273,1574,597,12027,11/7/2024,Asthma,Medication,2137,Yes
24274,1825,531,11461,11/15/2025,Diabetes,Observation,2285,No
24275,1739,578,10012,6/13/2024,Routine Checkup,Surgery,1096,No
24276,1093,574,11146,11/30/2024,Flu,Lifestyle Advice,2678,No
24277,1628,518,12537,5/16/2025,Diabetes,Physiotherapy,1279,No
24278,1844,511,12627,6/9/2024,Migraine,Surgery,4802,Yes
24279,1133,547,11574,1/24/2025,Skin Allergy,Surgery,2020,Yes
24280,1844,503,11304,3/11/2024,Migraine,Physiotherapy,3331,No
24281,1989,502,10742,4/1/2024,Routine Checkup,Lifestyle Advice,1432,No
24282,1419,554,11361,12/26/2024,Asthma,Observation,2844,No
24283,1468,572,12216,11/16/2024,Skin Allergy,Lifestyle Advice,2360,Yes
24284,1805,531,11977,9/1/2024,Migraine,Physiotherapy,3598,No
24285,1444,508,11325,1/24/2024,Asthma,Lifestyle Advice,3513,No
24286,1705,543,12248,7/10/2025,Skin Allergy,Surgery,305,No
24287,1912,548,11917,12/1/2025,Diabetes,Observation,1909,Yes
24288,1030,502,12912,2/6/2025,Routine Checkup,Medication,999,No
24289,1969,522,12802,1/7/2025,Fever,Lifestyle Advice,847,No
24290,1298,505,11390,10/12/2024,Diabetes,Medication,2729,No
24291,1061,507,11743,3/16/2025,Fever,Observation,2542,No
24292,1458,520,10774,8/17/2025,Infection,Medication,4532,No
24293,1973,592,12145,12/17/2024,Hypertension,Lifestyle Advice,1861,Yes
24294,1304,577,12119,8/6/2024,Asthma,Physiotherapy,4976,No
24295,1958,502,10993,4/29/2025,Heart Disease,Surgery,4474,No
24296,1340,532,11839,3/18/2025,Asthma,Surgery,2396,No
24297,1861,590,11885,8/5/2024,Heart Disease,Medication,1831,Yes
24298,1448,503,12405,12/2/2025,Back Pain,Surgery,4098,No
24299,1953,541,10812,3/7/2024,Flu,Surgery,3059,Yes
24300,1836,542,12592,1/31/2024,Fever,Physiotherapy,1038,Yes
24301,1302,577,12302,11/17/2024,Diabetes,Medication,4719,Yes
24302,1881,585,11876,9/6/2024,Asthma,Physiotherapy,4655,Yes
24303,1540,545,10004,7/19/2025,Infection,Physiotherapy,2264,No
24304,1485,587,11487,1/10/2024,Fever,Observation,2973,Yes
24305,1077,571,12193,11/8/2025,Asthma,Medication,1550,Yes
24306,1633,517,10165,10/11/2024,Back Pain,Physiotherapy,1303,Yes
24307,1515,592,10344,6/1/2024,Infection,Lifestyle Advice,1972,No
24308,1549,547,11898,6/27/2025,Diabetes,Surgery,4591,No
24309,1944,594,11129,6/12/2025,Diabetes,Medication,3124,No
24310,1659,569,11338,1/5/2025,Back Pain,Observation,2155,No
24311,1092,524,12568,10/27/2024,Fever,Physiotherapy,2291,No
24312,1851,571,12974,5/25/2024,Routine Checkup,Lifestyle Advice,1778,No
24313,1785,534,11622,8/9/2025,Heart Disease,Surgery,4482,Yes
24314,1466,550,12657,9/27/2025,Asthma,Surgery,2637,No
24315,1466,542,12560,2/21/2024,Back Pain,Lifestyle Advice,1765,Yes
24316,1889,533,12457,2/7/2025,Infection,Medication,4828,No
24317,1599,527,12484,12/2/2025,Asthma,Surgery,4924,No
24318,1040,578,11339,5/20/2024,Routine Checkup,Surgery,4226,Yes
24319,1690,559,10542,3/28/2024,Routine Checkup,Surgery,3111,No
24320,1329,519,10613,3/2/2025,Fever,Physiotherapy,343,No
24321,1285,576,10900,3/24/2024,Back Pain,Physiotherapy,239,No
24322,1947,503,11885,8/30/2024,Routine Checkup,Surgery,2548,No
24323,1554,571,11056,4/15/2024,Skin Allergy,Observation,824,Yes
24324,1797,599,11623,8/26/2025,Routine Checkup,Surgery,1664,No
24325,1066,525,11487,12/20/2024,Routine Checkup,Medication,4359,No
24326,1636,515,12611,1/21/2024,Skin Allergy,Observation,203,No
24327,1657,583,12623,1/6/2024,Flu,Medication,4147,No
24328,1632,560,12391,8/8/2024,Infection,Lifestyle Advice,162,Yes
24329,1109,583,11256,3/27/2024,Asthma,Lifestyle Advice,2162,No
24330,1415,523,12661,11/22/2025,Hypertension,Physiotherapy,3969,No
24331,1092,511,10129,3/28/2025,Infection,Physiotherapy,3665,No
24332,1368,559,11043,12/7/2024,Back Pain,Physiotherapy,2326,Yes
24333,1820,585,10357,1/27/2025,Fever,Lifestyle Advice,1646,No
24334,1423,534,11443,12/17/2024,Infection,Medication,4922,No
24335,1572,507,10081,9/2/2024,Hypertension,Observation,4172,No
24336,1862,544,11905,11/16/2025,Heart Disease,Physiotherapy,4933,Yes
24337,1739,591,12714,4/22/2024,Heart Disease,Lifestyle Advice,3746,Yes
24338,1240,564,12829,8/5/2025,Asthma,Physiotherapy,1890,No
24339,1435,523,11142,6/6/2024,Flu,Surgery,229,No
24340,1212,558,11878,8/24/2024,Fever,Observation,3115,No
24341,1400,520,10791,11/29/2025,Arthritis,Medication,1026,Yes
24342,1610,527,12540,8/30/2024,Back Pain,Physiotherapy,2080,No
24343,1526,560,11899,6/14/2024,Hypertension,Surgery,1825,No
24344,1730,508,10225,2/3/2024,Flu,Surgery,1919,Yes
24345,1468,567,12467,9/11/2024,Heart Disease,Observation,4644,No
24346,1170,502,10780,10/28/2024,Skin Allergy,Lifestyle Advice,2307,Yes
24347,1819,522,10137,8/7/2024,Fever,Lifestyle Advice,3388,No
24348,1792,570,10226,2/1/2024,Diabetes,Physiotherapy,4883,No
24349,1875,536,11253,5/23/2025,Arthritis,Physiotherapy,2995,No
24350,1210,524,12371,4/26/2025,Hypertension,Lifestyle Advice,1856,No
24351,1256,512,10812,8/20/2024,Fever,Medication,2637,Yes
24352,1683,581,12493,8/2/2024,Routine Checkup,Medication,2427,No
24353,1073,522,11941,8/29/2024,Asthma,Surgery,2228,No
24354,1147,583,10007,9/1/2024,Infection,Observation,3296,No
24355,1340,573,10128,1/20/2024,Flu,Medication,2317,No
24356,1317,576,10267,7/28/2024,Hypertension,Physiotherapy,3753,No
24357,1618,596,12733,12/22/2025,Arthritis,Medication,3261,No
24358,1606,595,10928,3/1/2025,Diabetes,Observation,2527,No
24359,1575,581,10214,3/12/2024,Skin Allergy,Physiotherapy,4359,No
24360,1154,523,10247,11/4/2025,Migraine,Observation,514,No
24361,1255,574,11642,6/26/2024,Diabetes,Lifestyle Advice,4194,No
24362,1351,563,11619,6/6/2025,Back Pain,Observation,4350,No
24363,1547,530,11828,10/25/2024,Back Pain,Observation,1935,Yes
24364,1835,519,10421,9/22/2024,Infection,Observation,2168,No
24365,1312,526,11739,6/3/2025,Fever,Physiotherapy,2970,No
24366,1808,590,11065,5/9/2025,Arthritis,Observation,1122,Yes
24367,1765,511,12765,10/1/2024,Skin Allergy,Observation,498,No
24368,1669,520,11372,12/5/2025,Migraine,Surgery,3077,Yes
24369,1134,556,10143,2/22/2024,Arthritis,Physiotherapy,3019,No
24370,1948,545,12189,8/30/2025,Back Pain,Observation,4070,Yes
24371,1129,568,12613,2/3/2025,Heart Disease,Medication,228,No
24372,1436,547,12155,2/17/2025,Arthritis,Observation,1632,No
24373,1280,576,12081,8/26/2025,Skin Allergy,Medication,1150,No
24374,1358,589,12167,10/17/2025,Arthritis,Lifestyle Advice,3052,Yes
24375,1930,558,11824,5/3/2025,Skin Allergy,Lifestyle Advice,443,No
24376,1883,510,10229,5/16/2025,Diabetes,Physiotherapy,1524,No
24377,1252,522,12736,11/2/2024,Arthritis,Physiotherapy,703,No
24378,1135,571,11988,2/20/2025,Routine Checkup,Lifestyle Advice,1690,Yes
24379,1843,524,10830,5/23/2025,Back Pain,Physiotherapy,4928,No
24380,1523,566,10850,6/13/2025,Infection,Medication,4351,No
24381,1804,596,11239,9/29/2025,Fever,Medication,2248,Yes
24382,1660,585,12781,10/27/2025,Arthritis,Surgery,847,Yes
24383,1319,561,11154,1/6/2024,Migraine,Physiotherapy,599,No
24384,1080,507,10845,2/25/2025,Skin Allergy,Physiotherapy,3456,No
24385,1191,572,12320,3/26/2025,Skin Allergy,Surgery,485,No
24386,1453,538,12683,3/2/2025,Back Pain,Observation,4333,No
24387,1344,521,10403,1/24/2025,Migraine,Medication,4443,No
24388,1030,508,12976,11/29/2024,Flu,Observation,1835,No
24389,1414,589,11603,3/23/2025,Flu,Surgery,2657,Yes
24390,1871,528,10627,12/3/2024,Flu,Physiotherapy,4922,Yes
24391,1368,592,11824,3/28/2024,Flu,Observation,1278,Yes
24392,1741,554,12665,9/25/2024,Arthritis,Physiotherapy,979,Yes
24393,1993,531,10981,3/5/2024,Flu,Surgery,1605,Yes
24394,1596,600,12585,11/8/2025,Arthritis,Lifestyle Advice,1106,Yes
24395,1502,589,11077,3/4/2024,Heart Disease,Physiotherapy,3757,No
24396,1662,541,12295,9/26/2024,Hypertension,Observation,2405,Yes
24397,1873,537,12385,10/18/2025,Fever,Observation,372,No
24398,1701,538,10033,1/11/2025,Arthritis,Surgery,2995,No
24399,1021,551,10799,11/24/2024,Skin Allergy,Observation,3195,Yes
24400,1549,576,12596,6/1/2025,Migraine,Medication,2972,No
24401,1246,537,11367,9/24/2025,Diabetes,Physiotherapy,1706,Yes
24402,1283,531,12939,2/24/2025,Migraine,Medication,4790,No
24403,1614,562,11263,11/8/2024,Arthritis,Surgery,2547,No
24404,1931,518,12777,11/4/2024,Flu,Medication,2951,No
24405,1806,590,12092,10/5/2025,Routine Checkup,Medication,1424,No
24406,1232,506,10304,7/7/2024,Migraine,Physiotherapy,2157,No
24407,1316,509,11694,12/21/2025,Heart Disease,Physiotherapy,4002,No
24408,1838,511,12317,2/11/2024,Diabetes,Lifestyle Advice,3222,Yes
24409,1800,595,12731,8/12/2025,Asthma,Medication,2866,Yes
24410,1336,502,12031,11/15/2024,Skin Allergy,Physiotherapy,2254,No
24411,1988,529,11757,10/18/2025,Arthritis,Medication,4966,No
24412,1976,551,10400,3/20/2025,Fever,Medication,1829,No
24413,1411,569,12651,1/8/2025,Skin Allergy,Surgery,4685,Yes
24414,1245,523,10922,10/12/2024,Migraine,Surgery,2822,No
24415,1387,600,12479,6/19/2024,Asthma,Medication,4670,Yes
24416,1689,507,10421,8/27/2025,Infection,Surgery,4776,No
24417,1725,556,12179,9/19/2024,Skin Allergy,Physiotherapy,2994,Yes
24418,1358,577,11434,6/18/2025,Hypertension,Medication,3463,Yes
24419,1614,562,11249,5/21/2024,Migraine,Surgery,1940,No
24420,1798,574,11167,5/27/2024,Migraine,Physiotherapy,2061,No
24421,1022,600,10578,3/15/2025,Arthritis,Medication,4524,Yes
24422,1019,580,10540,9/19/2025,Routine Checkup,Medication,4962,No
24423,1287,515,12173,8/15/2025,Infection,Surgery,4701,Yes
24424,1276,553,11236,2/19/2025,Skin Allergy,Physiotherapy,2775,No
24425,1659,543,10934,1/25/2024,Migraine,Medication,2039,Yes
24426,1898,583,11461,9/18/2025,Heart Disease,Medication,4673,No
24427,1552,585,10592,4/3/2024,Diabetes,Lifestyle Advice,113,No
24428,1679,535,11262,10/31/2024,Diabetes,Medication,4922,Yes
24429,1603,579,10644,7/3/2024,Asthma,Lifestyle Advice,3158,Yes
24430,1072,514,10328,10/9/2024,Diabetes,Lifestyle Advice,845,No
24431,1365,593,12860,6/3/2024,Fever,Physiotherapy,2110,No
24432,1950,569,11143,11/16/2025,Back Pain,Observation,2713,No
24433,1795,549,12094,11/15/2025,Fever,Lifestyle Advice,4670,Yes
24434,1335,518,12132,10/27/2025,Fever,Physiotherapy,3046,No
24435,1652,551,12842,1/14/2024,Back Pain,Surgery,4719,No
24436,1751,501,10352,10/1/2025,Asthma,Lifestyle Advice,3282,Yes
24437,1590,527,11037,12/6/2024,Routine Checkup,Observation,3586,No
24438,1199,564,10637,8/26/2025,Flu,Surgery,4606,No
24439,1017,560,11196,4/17/2025,Heart Disease,Lifestyle Advice,4178,No
24440,1218,591,10234,4/17/2024,Back Pain,Lifestyle Advice,2007,No
24441,1741,589,10781,11/26/2024,Routine Checkup,Observation,4091,No
24442,1852,541,12729,6/23/2025,Arthritis,Medication,1747,Yes
24443,1650,521,11419,3/14/2025,Skin Allergy,Observation,4876,No
24444,1147,514,10933,12/9/2025,Skin Allergy,Physiotherapy,2763,No
24445,1210,520,11824,12/12/2025,Skin Allergy,Physiotherapy,1982,No
24446,1670,592,10861,10/27/2025,Migraine,Observation,428,Yes
24447,1414,585,11231,1/18/2025,Hypertension,Observation,4467,No
24448,1665,587,12196,8/4/2025,Hypertension,Observation,4370,No
24449,1856,511,10300,6/8/2024,Skin Allergy,Observation,2305,No
24450,1330,566,11956,3/7/2025,Heart Disease,Observation,4817,No
24451,1895,584,11477,1/30/2025,Skin Allergy,Lifestyle Advice,1787,Yes
24452,1962,524,12024,9/6/2025,Heart Disease,Surgery,4429,No
24453,1870,589,12597,5/2/2025,Skin Allergy,Physiotherapy,4336,No
24454,1352,537,12431,7/7/2024,Flu,Physiotherapy,2266,Yes
24455,1163,586,11971,2/21/2025,Fever,Surgery,481,Yes
24456,1819,524,12848,12/8/2024,Infection,Observation,3692,Yes
24457,1101,515,10534,12/26/2024,Asthma,Surgery,1533,No
24458,1327,512,11257,4/18/2024,Arthritis,Observation,4244,No
24459,1327,595,11658,10/27/2024,Flu,Physiotherapy,3981,No
24460,1155,564,11153,1/2/2025,Flu,Medication,3541,Yes
24461,1010,531,11753,9/11/2024,Heart Disease,Physiotherapy,3504,No
24462,1353,553,11684,11/11/2024,Fever,Physiotherapy,4344,Yes
24463,1939,594,12618,12/5/2025,Routine Checkup,Medication,2304,No
24464,1183,584,12979,3/11/2024,Migraine,Surgery,2299,No
24465,1455,572,10237,9/25/2024,Arthritis,Lifestyle Advice,3632,Yes
24466,1646,544,10701,5/15/2025,Migraine,Observation,4571,No
24467,1006,530,12802,7/27/2024,Heart Disease,Observation,2829,Yes
24468,1333,535,10575,4/22/2025,Migraine,Physiotherapy,695,Yes
24469,1944,521,11721,6/24/2024,Asthma,Medication,4010,No
24470,1333,563,10771,8/26/2024,Heart Disease,Physiotherapy,3596,Yes
24471,1258,592,11765,9/1/2025,Skin Allergy,Physiotherapy,3219,No
24472,1211,517,10223,3/17/2025,Routine Checkup,Surgery,3900,Yes
24473,1051,512,11123,8/23/2025,Hypertension,Observation,2736,No
24474,1445,518,12605,5/6/2025,Hypertension,Lifestyle Advice,3170,Yes
24475,1659,592,12959,4/8/2024,Routine Checkup,Medication,2923,No
24476,1377,560,12321,11/24/2024,Heart Disease,Lifestyle Advice,1592,Yes
24477,1640,567,11423,11/21/2024,Back Pain,Medication,3416,No
24478,1486,515,11541,3/20/2025,Migraine,Observation,4002,No
24479,1770,516,12006,10/27/2025,Asthma,Surgery,2409,No
24480,1051,522,10430,10/21/2024,Fever,Lifestyle Advice,4684,No
24481,1154,595,10523,3/17/2025,Hypertension,Medication,3960,Yes
24482,1582,563,11372,1/31/2024,Heart Disease,Physiotherapy,3313,Yes
24483,1788,531,12958,5/10/2024,Flu,Observation,3396,Yes
24484,1791,501,11575,12/28/2025,Migraine,Surgery,3692,No
24485,1310,575,12499,6/10/2025,Routine Checkup,Physiotherapy,1623,No
24486,1399,506,11975,3/13/2025,Diabetes,Surgery,3655,Yes
24487,1134,587,12090,11/21/2024,Arthritis,Medication,4359,No
24488,1220,509,11739,9/23/2024,Arthritis,Physiotherapy,1074,No
24489,1163,552,10094,10/12/2024,Hypertension,Surgery,1770,Yes
24490,1971,580,12534,10/17/2024,Hypertension,Observation,4329,No
24491,1648,562,12565,1/2/2025,Flu,Lifestyle Advice,4905,No
24492,1569,558,11174,4/30/2025,Infection,Lifestyle Advice,3994,No
24493,1502,519,12765,7/8/2025,Skin Allergy,Physiotherapy,2903,No
24494,1946,513,10499,6/16/2024,Hypertension,Observation,1631,Yes
24495,1689,532,12419,4/15/2025,Heart Disease,Observation,3916,No
24496,1115,600,10981,6/18/2024,Diabetes,Surgery,2312,No
24497,1499,509,12747,12/11/2024,Infection,Physiotherapy,4756,No
24498,1472,549,10485,3/18/2024,Flu,Observation,4179,No
24499,1149,537,10665,3/25/2024,Heart Disease,Surgery,681,No
24500,1241,531,10628,10/22/2025,Hypertension,Observation,3657,Yes
24501,1123,531,11685,7/19/2024,Asthma,Physiotherapy,3629,No
24502,1804,559,10732,8/11/2025,Arthritis,Observation,2482,No
24503,1839,555,10192,12/26/2024,Heart Disease,Observation,2784,Yes
24504,1069,519,11769,7/18/2025,Diabetes,Observation,330,Yes
24505,1826,563,12884,10/28/2024,Hypertension,Lifestyle Advice,1983,Yes
24506,1063,502,11245,10/19/2024,Heart Disease,Medication,4198,Yes
24507,1733,545,11071,10/20/2024,Migraine,Physiotherapy,2011,No
24508,1016,596,12175,4/18/2024,Hypertension,Lifestyle Advice,784,Yes
24509,1390,543,12775,12/30/2024,Infection,Medication,4276,Yes
24510,1590,598,10696,8/22/2025,Arthritis,Observation,2055,No
24511,1634,501,11140,11/8/2025,Migraine,Observation,1398,Yes
24512,1948,585,10564,5/8/2025,Infection,Lifestyle Advice,4583,Yes
24513,1258,561,12414,9/23/2024,Fever,Surgery,1468,No
24514,1217,503,12441,4/2/2024,Arthritis,Physiotherapy,2366,No
24515,1479,591,10023,11/15/2025,Back Pain,Medication,751,Yes
24516,1114,544,10445,3/4/2024,Flu,Observation,2210,No
24517,1882,507,10777,3/3/2025,Hypertension,Physiotherapy,3198,Yes
24518,1973,533,12045,9/29/2025,Fever,Observation,2855,Yes
24519,1380,509,10708,1/2/2025,Hypertension,Observation,3835,No
24520,1658,530,10433,4/14/2024,Heart Disease,Observation,4148,Yes
24521,1977,518,10473,7/27/2024,Skin Allergy,Physiotherapy,1277,No
24522,1237,556,10048,7/27/2025,Back Pain,Lifestyle Advice,2357,No
24523,1476,590,11915,4/18/2025,Diabetes,Physiotherapy,1142,Yes
24524,1972,584,11106,3/1/2024,Infection,Physiotherapy,2656,Yes
24525,1931,531,12311,12/11/2024,Fever,Surgery,3784,Yes
24526,1598,572,11891,1/12/2024,Arthritis,Surgery,3035,Yes
24527,1679,563,10358,4/10/2025,Migraine,Lifestyle Advice,1723,No
24528,1129,587,10568,10/10/2025,Heart Disease,Surgery,2184,No
24529,1510,550,10480,7/13/2024,Heart Disease,Lifestyle Advice,2554,Yes
24530,1165,589,10867,3/14/2024,Diabetes,Observation,2571,No
24531,1277,501,11029,1/20/2025,Back Pain,Observation,4878,Yes
24532,1257,582,11814,5/15/2024,Skin Allergy,Physiotherapy,2485,Yes
24533,1132,519,11418,7/8/2025,Infection,Observation,1394,Yes
24534,1992,564,10708,3/11/2025,Routine Checkup,Surgery,4168,No
24535,1570,553,12474,2/8/2024,Skin Allergy,Medication,1018,Yes
24536,1257,506,11051,6/26/2025,Routine Checkup,Physiotherapy,4847,No
24537,1141,517,10127,10/15/2025,Diabetes,Lifestyle Advice,1703,Yes
24538,1686,546,12183,11/15/2024,Back Pain,Observation,3095,No
24539,1687,572,12379,7/9/2025,Routine Checkup,Physiotherapy,3486,Yes
24540,1209,573,11653,11/30/2025,Routine Checkup,Physiotherapy,1181,Yes
24541,1716,555,12440,12/18/2024,Flu,Physiotherapy,475,No
24542,1519,591,10008,5/28/2025,Infection,Observation,1508,No
24543,1051,600,10613,4/27/2025,Routine Checkup,Lifestyle Advice,2203,Yes
24544,1503,506,11285,2/19/2025,Heart Disease,Physiotherapy,116,No
24545,1259,570,11223,1/4/2025,Routine Checkup,Physiotherapy,532,No
24546,1178,568,10598,12/8/2024,Asthma,Physiotherapy,4150,No
24547,1922,586,11764,11/20/2024,Migraine,Observation,336,No
24548,1543,540,10386,1/1/2025,Diabetes,Surgery,406,No
24549,1356,591,12520,12/1/2024,Back Pain,Lifestyle Advice,4628,No
24550,1318,566,10179,10/22/2024,Flu,Physiotherapy,123,Yes
24551,1666,509,12498,1/24/2024,Hypertension,Physiotherapy,3409,No
24552,1963,511,10815,3/17/2025,Migraine,Physiotherapy,1113,No
24553,1364,520,11818,4/13/2024,Migraine,Observation,780,No
24554,1055,543,10358,2/15/2025,Skin Allergy,Surgery,1948,Yes
24555,1156,558,12424,7/27/2025,Fever,Physiotherapy,1615,No
24556,1044,578,10702,10/26/2025,Flu,Physiotherapy,1051,No
24557,1593,526,12886,10/20/2024,Infection,Observation,514,No
24558,1678,538,11751,8/30/2024,Skin Allergy,Lifestyle Advice,4948,No
24559,1542,594,12586,12/7/2024,Heart Disease,Lifestyle Advice,1523,No
24560,1322,536,10782,9/24/2025,Routine Checkup,Surgery,4611,No
24561,1648,599,10082,6/21/2024,Routine Checkup,Lifestyle Advice,4872,Yes
24562,1014,555,10185,2/19/2025,Migraine,Physiotherapy,2547,Yes
24563,1357,506,12336,4/12/2024,Back Pain,Observation,2288,Yes
24564,1483,503,10883,6/8/2024,Arthritis,Physiotherapy,3291,Yes
24565,1618,565,10507,9/13/2024,Fever,Physiotherapy,549,Yes
24566,1359,564,12042,12/14/2025,Skin Allergy,Surgery,3035,Yes
24567,1318,558,11486,7/10/2025,Arthritis,Lifestyle Advice,3276,No
24568,1075,558,10030,7/29/2025,Flu,Lifestyle Advice,191,No
24569,1959,518,11933,7/14/2024,Asthma,Lifestyle Advice,4616,No
24570,1591,523,12984,1/25/2025,Arthritis,Physiotherapy,2699,No
24571,1194,596,12079,3/10/2024,Diabetes,Observation,3051,No
24572,1997,529,11317,11/23/2025,Flu,Observation,3225,Yes
24573,1363,523,11197,9/3/2024,Diabetes,Physiotherapy,3818,No
24574,1096,536,11152,11/24/2024,Fever,Medication,1637,Yes
24575,1040,570,10086,6/6/2024,Routine Checkup,Physiotherapy,3268,No
24576,1768,581,11339,11/28/2025,Hypertension,Lifestyle Advice,1995,No
24577,1397,582,12076,8/7/2025,Arthritis,Physiotherapy,284,Yes
24578,1107,595,12170,2/24/2024,Flu,Medication,1556,No
24579,1017,506,11275,4/30/2025,Flu,Physiotherapy,1594,Yes
24580,1527,534,12621,8/30/2024,Skin Allergy,Lifestyle Advice,1248,Yes
24581,1929,544,12451,12/18/2024,Skin Allergy,Surgery,3505,Yes
24582,1784,544,10683,2/13/2025,Flu,Observation,1387,No
24583,1499,527,10272,12/27/2025,Asthma,Medication,2338,Yes
24584,1525,600,12885,1/15/2024,Fever,Surgery,1973,No
24585,1759,552,11836,5/26/2024,Hypertension,Observation,1850,No
24586,1726,542,12161,5/4/2025,Fever,Surgery,1344,No
24587,1663,525,11730,10/17/2025,Infection,Physiotherapy,2346,Yes
24588,1804,574,11418,1/25/2024,Infection,Physiotherapy,273,Yes
24589,1043,539,10019,9/2/2025,Fever,Observation,4412,Yes
24590,1946,539,11876,11/21/2025,Routine Checkup,Observation,3377,No
24591,1626,512,12653,11/28/2024,Skin Allergy,Physiotherapy,2121,No
24592,1842,511,10465,6/22/2024,Diabetes,Physiotherapy,1496,No
24593,1593,503,10691,10/16/2024,Skin Allergy,Observation,273,Yes
24594,1350,522,11011,7/23/2025,Arthritis,Observation,3494,Yes
24595,1653,504,11215,5/24/2024,Infection,Observation,2723,No
24596,1030,508,11517,5/1/2024,Heart Disease,Lifestyle Advice,2988,No
24597,1441,514,10163,1/27/2024,Hypertension,Lifestyle Advice,2346,No
24598,1542,584,11636,3/6/2024,Heart Disease,Physiotherapy,3178,No
24599,1455,588,12747,4/10/2024,Diabetes,Lifestyle Advice,3151,No
24600,1778,514,10295,1/22/2025,Back Pain,Medication,4829,Yes
24601,1611,592,10579,4/3/2024,Hypertension,Physiotherapy,1799,Yes
24602,1962,516,11768,3/7/2024,Migraine,Medication,1062,Yes
24603,1094,532,12749,9/6/2024,Back Pain,Surgery,3191,No
24604,1723,564,11586,5/21/2024,Back Pain,Medication,3884,Yes
24605,1295,576,12350,9/23/2024,Routine Checkup,Surgery,1944,No
24606,1549,516,11332,7/5/2025,Infection,Medication,4793,No
24607,1899,552,12172,8/2/2024,Diabetes,Surgery,3351,No
24608,1089,519,12717,5/3/2025,Hypertension,Surgery,1850,No
24609,1930,569,10195,5/10/2025,Hypertension,Physiotherapy,992,Yes
24610,1503,512,10842,4/24/2025,Routine Checkup,Observation,314,Yes
24611,1767,593,12399,10/4/2025,Hypertension,Observation,3529,No
24612,1214,505,11867,5/4/2025,Flu,Physiotherapy,3744,No
24613,1422,542,11792,1/1/2024,Flu,Surgery,2715,No
24614,1526,517,10489,1/9/2024,Heart Disease,Observation,705,Yes
24615,1192,572,12248,1/14/2025,Routine Checkup,Observation,651,Yes
24616,1807,594,12932,5/23/2024,Flu,Medication,4514,No
24617,1694,510,12556,10/28/2024,Routine Checkup,Lifestyle Advice,2613,No
24618,1642,584,12946,10/11/2025,Migraine,Physiotherapy,4924,Yes
24619,1224,516,11604,2/20/2025,Flu,Lifestyle Advice,1277,No
24620,1555,516,10446,6/27/2024,Skin Allergy,Surgery,4546,No
24621,1693,542,10080,10/4/2024,Flu,Medication,1583,No
24622,1387,503,10745,5/23/2024,Diabetes,Observation,3411,No
24623,1681,523,12746,12/4/2024,Fever,Medication,4385,No
24624,1776,586,11861,4/3/2025,Heart Disease,Physiotherapy,1645,Yes
24625,1474,528,11466,12/2/2025,Arthritis,Surgery,1596,No
24626,1608,545,10931,11/26/2024,Diabetes,Medication,4882,Yes
24627,1203,600,12702,9/26/2024,Migraine,Medication,172,Yes
24628,1447,568,11935,7/5/2024,Back Pain,Medication,4136,Yes
24629,1833,524,12950,10/27/2025,Skin Allergy,Observation,2326,No
24630,1847,519,10272,6/20/2024,Diabetes,Surgery,1190,No
24631,1900,575,11367,2/7/2025,Routine Checkup,Observation,1716,No
24632,1068,540,12172,4/12/2025,Arthritis,Medication,4272,No
24633,1092,546,11514,9/3/2024,Arthritis,Observation,4902,No
24634,1778,540,10686,6/6/2025,Routine Checkup,Observation,1087,Yes
24635,1843,562,11727,7/12/2025,Hypertension,Physiotherapy,2215,No
24636,1178,518,10652,4/20/2024,Arthritis,Lifestyle Advice,1691,No
24637,1663,512,10297,10/29/2024,Heart Disease,Lifestyle Advice,687,No
24638,1829,514,11143,4/17/2025,Hypertension,Physiotherapy,942,Yes
24639,1559,582,12835,10/18/2024,Flu,Physiotherapy,3749,No
24640,1003,561,10621,9/8/2024,Skin Allergy,Observation,3716,Yes
24641,1999,512,11655,8/10/2025,Arthritis,Observation,1665,Yes
24642,1103,527,12929,6/23/2024,Heart Disease,Surgery,3709,No
24643,1273,506,11655,4/18/2024,Arthritis,Lifestyle Advice,3029,Yes
24644,1534,588,12399,12/5/2024,Back Pain,Observation,821,No
24645,1116,533,11673,1/14/2024,Back Pain,Surgery,1904,No
24646,1859,580,10255,11/23/2025,Heart Disease,Lifestyle Advice,4519,Yes
24647,1912,550,11288,11/17/2024,Heart Disease,Surgery,3294,No
24648,1464,512,12727,2/12/2024,Hypertension,Surgery,754,No
24649,1104,595,10029,4/5/2025,Fever,Physiotherapy,244,Yes
24650,1259,557,12515,4/11/2024,Heart Disease,Medication,1796,No
24651,1308,553,11059,9/16/2025,Skin Allergy,Medication,4339,No
24652,1367,513,10749,12/5/2025,Infection,Medication,2811,No
24653,1929,572,11318,1/9/2024,Heart Disease,Surgery,992,No
24654,1810,503,10602,5/28/2024,Routine Checkup,Observation,2664,Yes
24655,1642,564,12788,12/3/2024,Back Pain,Medication,4390,No
24656,1807,584,12979,8/11/2024,Routine Checkup,Observation,3654,No
24657,1302,558,11092,4/19/2024,Arthritis,Lifestyle Advice,1760,Yes
24658,1560,504,10131,12/19/2024,Infection,Medication,3646,Yes
24659,1027,545,10111,3/24/2024,Diabetes,Surgery,2876,Yes
24660,1508,566,12572,7/8/2025,Infection,Physiotherapy,4020,Yes
24661,1527,536,12735,3/6/2024,Skin Allergy,Surgery,1236,Yes
24662,1775,523,10831,1/22/2025,Infection,Observation,1399,Yes
24663,1365,519,10666,9/12/2025,Diabetes,Lifestyle Advice,2623,Yes
24664,1953,540,11067,9/5/2025,Asthma,Surgery,3349,Yes
24665,1298,572,10875,5/14/2024,Back Pain,Physiotherapy,1760,No
24666,1777,516,11318,3/26/2024,Heart Disease,Physiotherapy,1414,No
24667,1361,558,10285,3/24/2024,Infection,Lifestyle Advice,533,No
24668,1646,518,12871,8/14/2024,Heart Disease,Medication,4612,Yes
24669,1504,536,10564,9/16/2024,Back Pain,Surgery,1958,No
24670,1953,524,10019,1/20/2024,Diabetes,Surgery,810,No
24671,1588,501,10547,2/4/2024,Arthritis,Physiotherapy,237,No
24672,1030,501,10048,3/18/2025,Fever,Observation,3660,No
24673,1439,564,11769,9/26/2024,Routine Checkup,Surgery,1853,No
24674,1340,562,12043,2/9/2025,Back Pain,Physiotherapy,2956,Yes
24675,1126,536,10219,5/22/2025,Routine Checkup,Observation,1284,Yes
24676,1596,575,10766,10/30/2024,Fever,Medication,833,No
24677,1566,518,12079,10/31/2025,Hypertension,Medication,1951,Yes
24678,1366,516,12307,10/11/2024,Flu,Physiotherapy,1453,No
24679,1795,517,10308,7/1/2025,Fever,Physiotherapy,494,No
24680,1852,524,12355,1/29/2024,Asthma,Medication,2617,No
24681,1443,598,10568,1/25/2025,Routine Checkup,Physiotherapy,3427,No
24682,1263,568,11123,2/19/2025,Arthritis,Lifestyle Advice,4154,No
24683,1936,599,12069,5/21/2024,Routine Checkup,Surgery,2166,Yes
24684,1872,579,10231,10/7/2025,Heart Disease,Lifestyle Advice,346,Yes
24685,1222,502,10082,10/17/2025,Heart Disease,Observation,3238,No
24686,1840,595,10217,12/6/2024,Diabetes,Physiotherapy,441,No
24687,1002,573,10335,9/1/2024,Skin Allergy,Physiotherapy,3071,No
24688,1910,510,10559,1/5/2024,Infection,Observation,3868,Yes
24689,1394,553,12912,3/24/2025,Skin Allergy,Surgery,2534,Yes
24690,1306,589,10874,9/22/2024,Asthma,Medication,441,Yes
24691,1146,551,10753,5/5/2025,Back Pain,Lifestyle Advice,207,Yes
24692,1530,569,10594,8/26/2024,Infection,Surgery,4828,No
24693,1528,514,11823,9/6/2024,Hypertension,Medication,4791,Yes
24694,1308,566,12752,10/17/2024,Asthma,Medication,1896,No
24695,1965,582,12973,6/26/2025,Hypertension,Physiotherapy,4780,No
24696,1948,593,11679,9/23/2025,Hypertension,Observation,2624,Yes
24697,1671,553,10553,3/19/2024,Routine Checkup,Physiotherapy,2484,No
24698,1997,584,11483,6/4/2025,Infection,Observation,3631,No
24699,1340,564,10783,3/25/2025,Back Pain,Physiotherapy,2460,Yes
24700,1919,572,12135,7/9/2025,Skin Allergy,Lifestyle Advice,708,No
24701,1352,549,10513,5/23/2024,Migraine,Physiotherapy,2741,Yes
24702,1810,590,10984,4/29/2024,Infection,Lifestyle Advice,2447,No
24703,1209,562,10587,7/18/2025,Flu,Surgery,2839,No
24704,1958,537,11502,7/30/2025,Infection,Surgery,4923,No
24705,1205,549,12546,6/24/2024,Infection,Physiotherapy,4431,No
24706,1625,568,12955,3/10/2024,Migraine,Surgery,310,No
24707,1690,533,10956,9/24/2025,Diabetes,Medication,385,No
24708,1973,522,10743,7/21/2024,Routine Checkup,Lifestyle Advice,2570,Yes
24709,1721,570,10449,6/28/2024,Heart Disease,Observation,593,No
24710,1636,533,10588,8/15/2025,Fever,Lifestyle Advice,1117,No
24711,1015,528,10260,7/20/2025,Heart Disease,Physiotherapy,3590,No
24712,1858,588,12511,11/21/2025,Routine Checkup,Surgery,2984,Yes
24713,1428,504,10094,9/1/2025,Diabetes,Surgery,2914,No
24714,1476,566,11021,4/19/2024,Hypertension,Medication,2089,No
24715,1298,577,11960,2/27/2025,Hypertension,Surgery,622,No
24716,1557,549,11376,10/26/2025,Skin Allergy,Physiotherapy,2466,No
24717,1094,511,11132,5/17/2025,Migraine,Physiotherapy,3550,Yes
24718,1107,535,12403,2/9/2025,Heart Disease,Observation,1756,Yes
24719,1419,539,12517,9/28/2025,Routine Checkup,Lifestyle Advice,3164,Yes
24720,1278,510,12143,3/31/2024,Back Pain,Lifestyle Advice,2842,Yes
24721,1128,574,10868,10/20/2024,Hypertension,Lifestyle Advice,689,No
24722,1970,572,10091,1/27/2025,Back Pain,Observation,734,No
24723,1459,569,11480,2/6/2024,Arthritis,Observation,4140,Yes
24724,1038,523,10955,5/31/2025,Heart Disease,Observation,307,No
24725,1609,534,12432,10/23/2025,Flu,Medication,2333,Yes
24726,1198,532,10023,11/11/2024,Skin Allergy,Observation,1076,Yes
24727,1704,516,11726,6/20/2024,Infection,Surgery,2164,Yes
24728,1357,568,10023,2/9/2025,Flu,Medication,1413,No
24729,1007,554,11722,9/18/2024,Back Pain,Surgery,4449,Yes
24730,1556,528,12359,4/28/2025,Routine Checkup,Lifestyle Advice,1070,Yes
24731,1332,560,11441,1/27/2024,Flu,Physiotherapy,4806,No
24732,1519,578,11357,5/9/2025,Arthritis,Lifestyle Advice,1579,Yes
24733,1194,576,10575,2/24/2024,Flu,Observation,1270,No
24734,1316,560,12151,9/5/2024,Flu,Physiotherapy,3285,Yes
24735,1001,585,12548,9/29/2024,Hypertension,Lifestyle Advice,1499,No
24736,1062,580,10828,9/15/2024,Hypertension,Medication,4701,No
24737,1343,544,10189,7/9/2024,Infection,Observation,3493,No
24738,1601,502,10460,7/28/2025,Diabetes,Lifestyle Advice,2475,No
24739,1018,523,12237,3/21/2025,Heart Disease,Physiotherapy,4544,No
24740,1620,593,10351,5/16/2025,Hypertension,Surgery,298,No
24741,1647,546,10581,9/7/2025,Skin Allergy,Lifestyle Advice,3348,No
24742,1371,573,12162,1/27/2025,Infection,Medication,1247,No
24743,1822,554,12152,2/11/2025,Fever,Physiotherapy,4806,No
24744,1579,571,10620,11/3/2025,Migraine,Lifestyle Advice,4135,No
24745,1605,593,11532,11/13/2025,Migraine,Surgery,2382,Yes
24746,1650,581,11369,4/18/2024,Migraine,Observation,1825,No
24747,1701,509,12435,10/13/2025,Hypertension,Observation,1417,No
24748,1571,570,12992,8/27/2025,Infection,Observation,4980,Yes
24749,1699,544,11802,4/12/2024,Arthritis,Physiotherapy,4068,No
24750,1235,584,12903,8/13/2024,Diabetes,Surgery,3189,Yes
24751,1069,574,11233,12/18/2024,Routine Checkup,Surgery,1526,Yes
24752,1447,573,12531,6/8/2024,Asthma,Lifestyle Advice,2528,No
24753,1610,512,10473,2/7/2025,Hypertension,Observation,1941,Yes
24754,1008,597,10859,12/7/2025,Back Pain,Physiotherapy,4963,No
24755,1462,532,12990,11/19/2024,Hypertension,Observation,3993,Yes
24756,2000,534,12441,5/24/2024,Arthritis,Observation,2244,No
24757,1311,583,11713,4/9/2025,Migraine,Lifestyle Advice,1593,No
24758,1134,533,10516,5/11/2024,Arthritis,Lifestyle Advice,804,No
24759,1385,564,12394,4/2/2024,Hypertension,Lifestyle Advice,1868,No
24760,1056,548,11376,9/29/2024,Routine Checkup,Medication,1169,Yes
24761,1993,516,12589,12/4/2025,Hypertension,Medication,3974,No
24762,1360,550,12095,6/17/2025,Routine Checkup,Physiotherapy,2383,No
24763,1971,523,12391,7/12/2024,Skin Allergy,Physiotherapy,868,No
24764,1114,526,10543,6/18/2024,Fever,Lifestyle Advice,3823,No
24765,1088,554,12867,4/4/2025,Fever,Surgery,359,No
24766,1138,544,11060,1/11/2024,Skin Allergy,Physiotherapy,3043,No
24767,1108,537,10757,6/29/2024,Flu,Medication,1687,No
24768,1500,509,12399,8/19/2024,Skin Allergy,Medication,183,No
24769,1535,594,10188,1/29/2024,Fever,Observation,4605,Yes
24770,1144,513,12382,6/15/2025,Fever,Lifestyle Advice,3661,No
24771,1869,560,10483,1/5/2024,Skin Allergy,Surgery,1739,Yes
24772,1656,580,11240,6/29/2025,Fever,Lifestyle Advice,2493,No
24773,1056,502,11182,5/19/2024,Hypertension,Medication,3070,Yes
24774,1620,595,12715,1/28/2024,Skin Allergy,Surgery,2784,No
24775,1863,560,10296,4/7/2024,Fever,Physiotherapy,2330,No
24776,1006,557,10045,9/18/2024,Asthma,Observation,3498,Yes
24777,1542,543,12543,1/19/2024,Skin Allergy,Medication,3737,No
24778,1447,519,12043,1/12/2024,Hypertension,Observation,913,No
24779,1997,511,10175,6/20/2025,Flu,Lifestyle Advice,3847,No
24780,1385,578,11370,6/8/2025,Hypertension,Surgery,995,No
24781,1307,547,12104,4/9/2025,Migraine,Lifestyle Advice,760,Yes
24782,1874,589,12389,8/10/2025,Migraine,Observation,2949,No
24783,1857,563,11801,9/15/2024,Flu,Medication,2525,Yes
24784,1639,507,11910,1/24/2024,Infection,Observation,1210,No
24785,1302,579,11775,1/8/2024,Diabetes,Medication,3845,No
24786,1633,594,11921,8/15/2024,Routine Checkup,Observation,1258,Yes
24787,1405,531,12262,1/10/2025,Back Pain,Lifestyle Advice,2237,No
24788,1611,588,11523,5/2/2024,Arthritis,Observation,1940,Yes
24789,1678,555,10758,3/30/2024,Migraine,Physiotherapy,2010,Yes
24790,1837,525,11421,3/31/2025,Arthritis,Lifestyle Advice,3764,No
24791,1831,572,12598,8/11/2024,Arthritis,Observation,3010,Yes
24792,1753,530,10497,9/13/2024,Back Pain,Observation,842,No
24793,1562,536,12221,5/29/2025,Infection,Surgery,3260,Yes
24794,1780,550,10105,5/27/2024,Routine Checkup,Lifestyle Advice,1416,No
24795,1837,514,10479,1/21/2025,Migraine,Surgery,4641,No
24796,1510,529,11423,12/1/2025,Flu,Lifestyle Advice,3905,Yes
24797,1073,527,12482,11/29/2025,Diabetes,Medication,1140,Yes
24798,1812,550,12690,3/13/2025,Arthritis,Lifestyle Advice,1831,Yes
24799,1564,536,10693,11/30/2025,Asthma,Lifestyle Advice,1755,Yes
24800,1265,534,12970,9/27/2025,Fever,Observation,1667,No
24801,1227,521,10194,2/6/2024,Migraine,Physiotherapy,1910,No
24802,1193,538,12891,10/22/2025,Flu,Lifestyle Advice,2428,Yes
24803,1374,575,12849,4/15/2024,Infection,Surgery,3116,No
24804,1751,597,11490,9/6/2025,Infection,Physiotherapy,1594,No
24805,1010,579,10059,8/19/2024,Heart Disease,Lifestyle Advice,704,No
24806,1302,576,11887,5/25/2024,Infection,Physiotherapy,577,Yes
24807,1359,588,10478,1/17/2024,Hypertension,Medication,4805,No
24808,1740,550,11127,6/7/2024,Flu,Physiotherapy,241,No
24809,1954,537,12581,10/8/2024,Skin Allergy,Medication,4755,No
24810,1805,575,11969,10/4/2024,Diabetes,Physiotherapy,2198,Yes
24811,1052,519,10592,5/4/2024,Hypertension,Physiotherapy,2670,No
24812,1752,501,10839,11/15/2025,Skin Allergy,Surgery,4126,No
24813,1099,581,11346,2/23/2025,Infection,Surgery,1386,No
24814,1593,540,10549,11/15/2024,Infection,Observation,4904,Yes
24815,1013,555,10221,11/5/2025,Fever,Physiotherapy,1309,No
24816,1390,580,10876,12/15/2025,Hypertension,Medication,907,No
24817,1954,526,12726,4/26/2025,Diabetes,Physiotherapy,2228,Yes
24818,1357,543,11197,10/28/2025,Skin Allergy,Lifestyle Advice,3905,No
24819,1640,559,12710,11/19/2024,Fever,Medication,4604,Yes
24820,1816,551,12732,1/29/2025,Arthritis,Lifestyle Advice,1073,No
24821,1928,515,10336,7/4/2024,Heart Disease,Observation,3038,No
24822,1011,508,10225,4/10/2025,Flu,Lifestyle Advice,185,Yes
24823,1081,594,12919,2/26/2024,Arthritis,Observation,1896,Yes
24824,1261,514,12083,12/29/2025,Skin Allergy,Observation,1407,Yes
24825,1006,597,10188,4/2/2025,Infection,Observation,559,Yes
24826,1458,507,11248,7/26/2024,Arthritis,Lifestyle Advice,2608,Yes
24827,1373,518,12691,12/14/2025,Skin Allergy,Observation,1244,No
24828,1481,512,10963,3/14/2024,Asthma,Observation,3988,No
24829,1222,502,10494,4/28/2025,Back Pain,Surgery,4764,No
24830,1917,550,11887,3/25/2024,Fever,Physiotherapy,3360,No
24831,1810,593,10311,9/23/2025,Arthritis,Observation,4745,Yes
24832,1081,521,12569,1/14/2024,Back Pain,Medication,1509,Yes
24833,1923,507,11605,10/2/2025,Diabetes,Medication,4366,No
24834,1515,591,11564,2/18/2024,Asthma,Surgery,1453,No
24835,1060,512,10369,3/1/2025,Migraine,Lifestyle Advice,4230,Yes
24836,1221,584,10746,12/24/2024,Back Pain,Lifestyle Advice,1324,Yes
24837,1962,557,12079,8/29/2024,Infection,Lifestyle Advice,1291,No
24838,1349,578,11256,2/22/2024,Infection,Observation,1632,No
24839,1561,574,10998,3/9/2024,Diabetes,Lifestyle Advice,2016,No
24840,1228,523,10497,7/5/2025,Migraine,Lifestyle Advice,3417,Yes
24841,1290,530,11590,11/26/2025,Diabetes,Physiotherapy,1347,No
24842,1293,558,10964,10/6/2025,Fever,Observation,2717,Yes
24843,1810,595,12005,2/25/2024,Migraine,Observation,4732,No
24844,1193,552,11199,3/31/2025,Diabetes,Medication,2125,Yes
24845,1956,556,12346,9/11/2024,Asthma,Medication,3611,No
24846,1474,510,11815,1/5/2024,Arthritis,Physiotherapy,4739,No
24847,1257,519,11389,8/3/2025,Diabetes,Surgery,3792,No
24848,1955,519,11110,2/21/2024,Heart Disease,Observation,4940,No
24849,1506,587,10577,11/24/2024,Infection,Medication,4728,No
24850,1388,559,10054,4/7/2024,Heart Disease,Lifestyle Advice,3583,Yes
24851,1615,544,10229,6/9/2024,Routine Checkup,Observation,3423,No
24852,1398,559,10779,2/9/2025,Routine Checkup,Observation,2038,No
24853,1366,596,11558,7/30/2025,Migraine,Observation,1115,No
24854,1658,584,10985,11/22/2024,Migraine,Medication,2683,Yes
24855,1290,504,10373,8/30/2024,Diabetes,Physiotherapy,1027,Yes
24856,1769,597,10469,5/18/2025,Hypertension,Medication,1611,No
24857,1309,565,12468,1/1/2025,Infection,Lifestyle Advice,1837,No
24858,1278,513,11850,12/24/2025,Heart Disease,Lifestyle Advice,3138,Yes
24859,1464,567,10532,3/17/2025,Asthma,Surgery,1821,Yes
24860,1189,512,11424,6/2/2024,Hypertension,Medication,2866,No
24861,1918,593,11208,8/21/2024,Fever,Medication,4802,Yes
24862,1178,555,10562,10/13/2025,Back Pain,Surgery,3519,No
24863,1528,561,10090,11/28/2024,Asthma,Surgery,2925,No
24864,1924,595,11640,5/9/2025,Diabetes,Observation,4521,Yes
24865,1988,541,11407,4/24/2024,Asthma,Observation,2834,No
24866,1375,536,10369,1/3/2025,Fever,Lifestyle Advice,318,Yes
24867,1598,502,11293,11/28/2024,Diabetes,Physiotherapy,621,No
24868,1760,522,10015,5/9/2024,Fever,Lifestyle Advice,504,No
24869,1454,522,12392,6/26/2024,Infection,Medication,679,No
24870,1217,541,11219,4/4/2024,Arthritis,Physiotherapy,4985,No
24871,1042,595,11946,11/12/2024,Heart Disease,Observation,1954,No
24872,1194,514,11060,4/10/2024,Asthma,Surgery,4521,No
24873,1327,593,10917,7/14/2024,Routine Checkup,Surgery,3797,No
24874,1373,535,12253,7/26/2024,Routine Checkup,Lifestyle Advice,1935,No
24875,1465,550,11675,8/29/2025,Diabetes,Medication,257,No
24876,1163,509,10776,4/17/2025,Infection,Medication,3275,Yes
24877,1276,596,11081,9/6/2025,Hypertension,Surgery,1721,No
24878,1364,559,11134,1/8/2024,Asthma,Lifestyle Advice,3777,No
24879,1642,556,10686,5/15/2024,Back Pain,Lifestyle Advice,905,No
24880,1775,591,12766,9/1/2025,Infection,Observation,1405,No
24881,1480,510,10225,9/17/2024,Routine Checkup,Observation,2294,No
24882,1689,525,10064,5/26/2024,Routine Checkup,Observation,613,Yes
24883,1979,545,11788,4/2/2025,Asthma,Physiotherapy,603,No
24884,1460,597,12996,11/27/2025,Asthma,Lifestyle Advice,4608,No
24885,1265,511,10961,3/13/2025,Diabetes,Lifestyle Advice,2739,No
24886,1539,509,11376,2/16/2025,Asthma,Observation,865,No
24887,1974,507,12368,5/14/2025,Flu,Surgery,336,No
24888,1386,571,10357,8/19/2024,Back Pain,Observation,4591,No
24889,1085,534,10093,4/10/2024,Heart Disease,Physiotherapy,2104,No
24890,1708,583,12743,5/26/2024,Fever,Surgery,1899,No
24891,1316,520,11324,12/17/2025,Migraine,Lifestyle Advice,3487,No
24892,1243,589,11518,5/21/2025,Skin Allergy,Physiotherapy,4099,Yes
24893,1469,505,11678,7/11/2025,Skin Allergy,Physiotherapy,1546,No
24894,1880,593,11413,4/13/2024,Diabetes,Surgery,231,Yes
24895,1342,555,11635,12/1/2024,Infection,Observation,3775,No
24896,1177,591,12482,3/21/2025,Arthritis,Observation,2134,No
24897,1130,589,11126,3/19/2025,Routine Checkup,Medication,4313,Yes
24898,1657,515,10841,4/27/2024,Back Pain,Surgery,4833,No
24899,1083,548,11402,5/31/2025,Asthma,Observation,2144,Yes
24900,1360,504,11607,12/23/2025,Flu,Physiotherapy,4534,No
24901,1088,578,10898,7/20/2025,Infection,Observation,1558,No
24902,1532,581,12932,6/14/2025,Heart Disease,Observation,2122,No
24903,1742,521,12826,3/28/2024,Infection,Physiotherapy,2048,No
24904,1972,580,10492,9/20/2025,Back Pain,Surgery,1720,No
24905,1985,590,12861,4/20/2025,Heart Disease,Medication,4871,Yes
24906,1638,509,11533,11/12/2025,Heart Disease,Observation,3913,No
24907,1471,566,12440,4/29/2025,Fever,Observation,2261,No
24908,1498,579,11978,10/23/2025,Diabetes,Observation,4501,Yes
24909,1507,535,11799,10/21/2024,Hypertension,Surgery,1857,Yes
24910,1354,588,11495,12/20/2025,Asthma,Physiotherapy,4818,Yes
24911,1416,551,11352,1/15/2025,Heart Disease,Physiotherapy,4250,Yes
24912,1051,578,12069,10/9/2024,Skin Allergy,Physiotherapy,623,No
24913,1600,537,11121,11/16/2025,Infection,Physiotherapy,2581,No
24914,1682,506,11839,9/30/2025,Arthritis,Physiotherapy,4385,No
24915,1063,582,12561,6/4/2024,Migraine,Physiotherapy,4584,No
24916,1089,586,12956,6/28/2024,Back Pain,Observation,445,No
24917,1701,582,12763,3/27/2024,Routine Checkup,Observation,2412,No
24918,1190,551,12992,2/9/2025,Infection,Physiotherapy,1798,No
24919,1899,566,11664,5/10/2025,Migraine,Physiotherapy,240,Yes
24920,1601,596,12398,9/23/2024,Fever,Surgery,4434,No
24921,1348,517,10546,8/16/2025,Infection,Surgery,1221,No
24922,1844,565,10599,3/4/2024,Asthma,Lifestyle Advice,2983,No
24923,1538,509,12080,4/28/2024,Migraine,Observation,1134,No
24924,1176,513,12045,12/6/2024,Hypertension,Physiotherapy,4373,No
24925,1364,600,10259,11/8/2024,Fever,Observation,1082,No
24926,1776,558,10476,6/11/2024,Skin Allergy,Lifestyle Advice,2544,Yes
24927,1901,530,12873,5/19/2025,Routine Checkup,Surgery,3560,Yes
24928,1907,531,11906,10/19/2024,Hypertension,Lifestyle Advice,2684,Yes
24929,1554,523,10920,11/20/2025,Diabetes,Medication,4833,No
24930,1483,563,12081,1/11/2025,Hypertension,Surgery,2413,No
24931,1987,528,12947,6/25/2025,Routine Checkup,Observation,1256,No
24932,1119,559,10388,2/4/2025,Flu,Surgery,1677,No
24933,1169,510,11862,11/3/2025,Flu,Lifestyle Advice,3132,Yes
24934,1620,589,10798,2/3/2025,Routine Checkup,Physiotherapy,1407,Yes
24935,1998,600,12504,2/2/2025,Heart Disease,Lifestyle Advice,4334,Yes
24936,1147,590,11618,5/1/2025,Hypertension,Lifestyle Advice,4264,Yes
24937,1688,526,11926,5/29/2025,Arthritis,Physiotherapy,2952,Yes
24938,1437,577,11816,1/24/2024,Infection,Observation,2324,Yes
24939,1439,517,11628,2/28/2024,Routine Checkup,Observation,3544,No
24940,1888,540,12272,8/27/2024,Infection,Surgery,4740,No
24941,1189,568,10217,11/6/2024,Infection,Lifestyle Advice,1351,Yes
24942,1160,523,12204,11/16/2024,Skin Allergy,Surgery,1771,No
24943,1814,535,10789,11/2/2025,Diabetes,Physiotherapy,1495,No
24944,1860,575,11544,4/25/2025,Skin Allergy,Medication,1114,No
24945,1932,576,12084,7/25/2025,Routine Checkup,Observation,4841,No
24946,1402,509,12684,2/17/2025,Infection,Physiotherapy,3314,No
24947,1586,579,12057,11/17/2024,Flu,Observation,856,No
24948,1864,545,11064,2/5/2025,Back Pain,Surgery,2131,Yes
24949,1018,537,12227,2/28/2024,Flu,Medication,2720,Yes
24950,1140,569,11665,2/22/2024,Fever,Lifestyle Advice,2529,No
24951,1115,519,12549,3/4/2024,Flu,Observation,4666,No
24952,1328,575,10373,9/24/2025,Fever,Lifestyle Advice,1331,No
24953,1225,573,10970,4/28/2024,Arthritis,Surgery,4124,No
24954,1558,599,11690,10/12/2024,Migraine,Observation,134,Yes
24955,1439,527,11448,1/18/2024,Skin Allergy,Surgery,3774,No
24956,1550,513,10515,1/5/2024,Flu,Lifestyle Advice,120,Yes
24957,1718,557,10364,1/26/2025,Heart Disease,Surgery,2412,Yes
24958,1386,560,11914,6/8/2024,Arthritis,Surgery,3571,Yes
24959,1521,512,12825,5/21/2024,Heart Disease,Surgery,556,No
24960,1253,509,11952,1/31/2025,Migraine,Physiotherapy,3097,No
24961,1620,592,11475,1/18/2024,Flu,Physiotherapy,4578,Yes
24962,1901,577,11540,8/2/2025,Skin Allergy,Observation,2682,Yes
24963,1098,584,10774,4/23/2024,Heart Disease,Surgery,1162,Yes
24964,1787,577,10329,6/17/2025,Flu,Surgery,1690,Yes
24965,1071,527,10794,6/15/2025,Heart Disease,Surgery,1965,No
24966,1551,590,10962,4/5/2025,Skin Allergy,Physiotherapy,146,Yes
24967,1810,563,12418,9/1/2025,Fever,Lifestyle Advice,4941,No
24968,1913,593,10597,9/8/2025,Fever,Surgery,4734,No
24969,1447,529,11878,10/12/2024,Back Pain,Medication,4874,Yes
24970,1090,522,11411,1/5/2024,Skin Allergy,Observation,4088,No
24971,1430,573,11138,5/8/2024,Routine Checkup,Physiotherapy,1753,Yes
24972,1219,588,10571,11/1/2025,Diabetes,Lifestyle Advice,144,Yes
24973,1107,519,11062,5/13/2025,Fever,Medication,4470,Yes
24974,1476,538,11569,10/2/2024,Infection,Surgery,3864,Yes
24975,1916,595,10377,3/23/2024,Diabetes,Physiotherapy,3132,No
24976,1454,539,12148,4/27/2024,Arthritis,Surgery,3482,No
24977,1904,515,11837,1/29/2024,Hypertension,Observation,4427,No
24978,1608,554,12864,12/23/2024,Skin Allergy,Physiotherapy,185,No
24979,1915,532,11964,10/11/2025,Flu,Medication,3276,No
24980,1544,546,12166,6/5/2024,Arthritis,Lifestyle Advice,4372,Yes
24981,1126,561,12469,1/31/2024,Asthma,Lifestyle Advice,1713,No
24982,1147,593,11267,10/12/2024,Heart Disease,Observation,3391,No
24983,1280,552,10541,10/26/2025,Migraine,Lifestyle Advice,687,Yes
24984,1024,534,11251,12/1/2024,Back Pain,Lifestyle Advice,702,No
24985,1952,573,11876,7/23/2025,Flu,Observation,3616,No
24986,1721,535,11237,11/8/2024,Asthma,Medication,1356,No
24987,1120,570,12978,8/21/2025,Diabetes,Physiotherapy,2261,Yes
24988,1786,537,12747,5/2/2024,Flu,Physiotherapy,4779,Yes
24989,1652,578,10113,12/3/2025,Flu,Observation,3135,Yes
24990,1297,561,10373,1/5/2025,Skin Allergy,Surgery,2517,No
24991,1855,549,12347,11/9/2024,Skin Allergy,Observation,3122,No
24992,1944,509,11697,1/28/2024,Flu,Observation,2219,No
24993,1082,519,11043,6/3/2024,Diabetes,Observation,2500,No
24994,1448,587,10776,8/17/2024,Routine Checkup,Observation,909,No
24995,1912,528,10671,7/2/2025,Fever,Lifestyle Advice,2888,Yes
24996,1720,580,10011,1/6/2024,Migraine,Lifestyle Advice,737,No
24997,1996,526,10008,4/17/2025,Infection,Medication,252,No
24998,1919,538,11574,11/13/2024,Arthritis,Observation,2533,No
24999,1470,540,11397,8/12/2024,Heart Disease,Physiotherapy,2838,Yes
25000,1423,525,10461,2/2/2024,Routine Checkup,Surgery,238,No
